년도,사번,Emp. Group,직무명,역할구분 (MPRS),성별
2020,30059,Executive,대표이사/사장,비대상,남
2020,32579,Manager,연구원,R,남
2020,32580,Manager,연구원,R,남
2020,32581,Manager,연구원,R,남
2020,32776,Manager,한국 Packaging TS&D 담당,R,남
2020,30060,Executive,Green Biz추진 Group장,비대상,남
2020,32599,Manager,Green Biz추진 Group담당 직무대행,S,남
2020,32602,Manager,Green Biz추진 Group담당,S,남
2020,30042,Executive,Packaging본부장,비대상,남
2020,31840,Manager,사업관리원,M,남
2020,32268,Exempt,사업관리원,M,남
2020,32273,Exempt,사업관리원,M,남
2020,32572,Manager,사업관리원,M,남
2020,32678,Exempt,사업관리원,M,남
2020,32680,Exempt,사업관리원,M,여
2020,32753,Exempt,사업관리원,M,남
2020,32762,Exempt,사업관리원,M,남
2020,31495,Manager,Packaging Biz.전략 PL,M,남
2020,31936,Manager,기획관리원,M,남
2020,32195,Manager,기획관리원,M,남
2020,32388,Exempt,기획관리원,M,남
2020,31953,Manager,시장개발원,M,남
2020,32332,Manager,시장개발원,M,남
2020,32582,Manager,Technical Marketer,R,여
2020,32592,Manager,Packaging시장개발 PL,R,남
2020,32400,Manager,F&B Market Squad PO,M,남
2020,32509,Manager,판매담당,M,남
2020,32003,Manager,판매담당,M,남
2020,32136,Manager,판매담당,M,남
2020,32595,Manager,Consumer Market Squad PO,M,남
2020,32634,Exempt,판매담당,M,남
2020,32711,Exempt,판매담당,M,남
2020,31277,Manager,판매담당,M,남
2020,31605,Manager,판매담당,M,남
2020,31801,Manager,Industrial Market Squad PO,M,남
2020,32410,Manager,판매담당,M,남
2020,31996,Manager,화학담당,M,남
2020,31806,Manager,Packaging판매원,M,남
2020,31931,Manager,화남지사장,M,남
2020,30050,Executive,SK Functional Polymer대표,비대상,남
2020,31935,Manager,생산기술기사,S,남
2020,32627,Manager,생산기술기사,P,남
2020,32690,Manager,사업기획원,S,여
2020,32760,Manager,재무/회계관리원,S,남
2020,32761,Manager,인력기획원,S,남
2020,32765,Manager,Packaging판매원,M,남
2020,32766,Nonexempt,판매운영원,비대상,여
2020,30055,Executive,SKGC America대표,비대상,남
2020,38994,Manager,Aromatic담당,M,여
2020,32009,Manager,사업운영원,M,남
2020,32487,Manager,Process Engineer,P,남
2020,32495,Manager,Process Engineer,P,남
2020,31489,Nonexempt,판매운영원,비대상,여
2020,31836,Nonexempt,Packaging사업운영그룹리더,비대상,여
2020,32184,Nonexempt,판매운영원,비대상,여
2020,32284,Nonexempt,판매운영원,비대상,여
2020,32516,Nonexempt,판매운영원,비대상,여
2020,32517,Nonexempt,판매운영원,비대상,여
2020,32542,Nonexempt,판매운영원,비대상,여
2020,30051,Executive,Automotive사업부장,비대상,남
2020,31814,Manager,사업기획원,M,남
2020,31860,Manager,사업기획원,M,남
2020,31974,Manager,사업기획원,M,남
2020,32148,Manager,사업기획원,M,남
2020,32248,Manager,사업기획원,M,남
2020,32623,Manager,사업기획원,M,남
2020,32705,Exempt,사업기획원,M,남
2020,32249,Manager,OEM Solution Account Squad PO,M,남
2020,31359,Manager,Automotive판매원,M,남
2020,31688,Manager,Automotive판매원,M,남
2020,31753,Manager,Automotive영업 CL,M,남
2020,31995,Manager,Automotive판매원,M,남
2020,32143,Manager,추후부여,비대상,남
2020,32159,Manager,Automotive판매원,M,남
2020,32276,Exempt,Automotive판매원,M,남
2020,32301,Manager,Automotive판매원,M,남
2020,32335,Manager,Automotive판매원,M,남
2020,32609,Exempt,Automotive판매원,M,남
2020,31819,Nonexempt,판매운영원,비대상,여
2020,31831,Nonexempt,판매운영원,비대상,여
2020,32337,Nonexempt,판매운영원,비대상,여
2020,32546,Nonexempt,판매운영원,비대상,여
2020,32586,Nonexempt,판매운영원,비대상,여
2020,32699,Nonexempt,판매운영원,비대상,여
2020,31797,Manager,중국Automotive영업 PL,M,남
2020,31893,Exempt,Key Account Squad PO,M,남
2020,31285,Manager,시장개발원,M,남
2020,31917,Manager,Automotive시장개발 CL,M,남
2020,32010,Manager,시장개발원,M,남
2020,32131,Manager,시장개발원,M,남
2020,32543,Manager,시장개발원,M,여
2020,32773,Exempt,시장개발원,M,남
2020,32170,Manager,Polymer 판매원,M,남
2020,32253,Manager,PP Global Expansion Squad PO,S,남
2020,32567,Manager,CTO,R,남
2020,32636,Manager,CFO,S,남
2020,39072,Contractor,CTO Advisory,R,남
2020,31209,Nonexempt,Shipping,비대상,남
2020,31585,Manager,KNC 대표,S,남
2020,32506,Manager,Accounting,S,남
2020,32507,Manager,SHE,비대상,남
2020,32590,Manager,Production Mgmt.,P,남
2020,30068,Executive,Aromatic사업부장,비대상,남
2020,31608,Manager,추후부여,비대상,남
2020,31998,Manager,추후부여,비대상,여
2020,30048,Executive,화학생산본부장,비대상,남
2020,31072,Manager,추후부여,비대상,남
2020,31199,Manager,추후부여,비대상,남
2020,31201,Manager,추후부여,비대상,남
2020,31332,Nonexempt,추후부여,비대상,남
2020,31350,Nonexempt,추후부여,비대상,남
2020,31388,Nonexempt,추후부여,비대상,남
2020,31562,Nonexempt,추후부여,비대상,남
2020,31592,Nonexempt,추후부여,비대상,남
2020,31770,Nonexempt,추후부여,비대상,남
2020,31907,Nonexempt,추후부여,비대상,남
2020,31934,Manager,추후부여,비대상,남
2020,32082,Nonexempt,추후부여,비대상,남
2020,32125,Nonexempt,추후부여,비대상,남
2020,32770,Nonexempt,추후부여,비대상,남
2020,32771,Nonexempt,추후부여,비대상,남
2020,32772,Nonexempt,추후부여,비대상,남
2020,31085,Manager,생산관리원,비대상,남
2020,31144,Manager,생산관리원,비대상,남
2020,31152,Manager,생산관리원,비대상,남
2020,31676,Nonexempt,생산관리원,비대상,남
2020,31738,Nonexempt,생산관리원,비대상,남
2020,32368,Nonexempt,생산관리원,비대상,남
2020,32456,Manager,생산관리기사,P,남
2020,32462,Manager,생산관리기사,P,남
2020,32480,Exempt,생산관리기사,P,남
2020,32607,Exempt,생산관리기사,P,남
2020,32686,Exempt,생산관리기사,P,남
2020,31052,Manager,실험총반장,비대상,남
2020,31083,Manager,실험총반장,비대상,남
2020,31161,Nonexempt,실험원,비대상,남
2020,31162,Nonexempt,실험원,비대상,남
2020,31163,Nonexempt,실험원,비대상,남
2020,31238,Nonexempt,실험교관,비대상,남
2020,31267,Nonexempt,실험교대반장,비대상,남
2020,31268,Nonexempt,실험교대반장,비대상,남
2020,31269,Nonexempt,실험교대반장,비대상,남
2020,31270,Nonexempt,실험원,비대상,남
2020,31299,Nonexempt,실험원,비대상,남
2020,31300,Nonexempt,실험원,비대상,남
2020,31314,Nonexempt,실험원,비대상,남
2020,31316,Nonexempt,실험교대반장,비대상,남
2020,31354,Nonexempt,실험교대반장,비대상,남
2020,31355,Manager,실험교관,비대상,남
2020,31371,Nonexempt,실험교대반장,비대상,남
2020,31372,Nonexempt,실험원,비대상,남
2020,31373,Nonexempt,실험원,비대상,남
2020,31374,Nonexempt,실험교대반장,비대상,남
2020,31375,Nonexempt,실험교대반장,비대상,남
2020,31473,Nonexempt,실험원,비대상,남
2020,31487,Nonexempt,실험원,비대상,남
2020,31488,Nonexempt,실험원,비대상,남
2020,31503,Nonexempt,실험원,비대상,남
2020,31504,Nonexempt,실험원,비대상,남
2020,31505,Nonexempt,실험원,비대상,남
2020,31506,Nonexempt,실험원,비대상,남
2020,31513,Nonexempt,실험원,비대상,남
2020,31514,Nonexempt,실험원,비대상,남
2020,31515,Nonexempt,실험원,비대상,남
2020,31548,Nonexempt,실험원,비대상,남
2020,31552,Nonexempt,실험원,비대상,남
2020,31724,Nonexempt,실험원,비대상,남
2020,31764,Nonexempt,실험원,비대상,남
2020,31765,Nonexempt,실험원,비대상,남
2020,31778,Nonexempt,실험원,비대상,남
2020,31779,Nonexempt,실험원,비대상,남
2020,31786,Nonexempt,실험원,비대상,남
2020,31787,Nonexempt,실험원,비대상,남
2020,31788,Nonexempt,실험원,비대상,남
2020,32362,Nonexempt,실험원,비대상,남
2020,32363,Nonexempt,실험원,비대상,남
2020,32366,Nonexempt,실험원,비대상,남
2020,32369,Nonexempt,실험원,비대상,남
2020,32380,Nonexempt,실험원,비대상,남
2020,32434,Manager,품질관리 PL,P,남
2020,32716,Nonexempt,실험원,비대상,남
2020,31207,Nonexempt,장치운전원,비대상,남
2020,31208,Nonexempt,안전·환경·보건관리원,비대상,남
2020,32278,Manager,Polymer공장장,P,남
2020,31080,Nonexempt,Polymer기술원,비대상,남
2020,31149,Manager,Polymer기술원,비대상,남
2020,31232,Nonexempt,Polymer기술원,비대상,남
2020,31310,Nonexempt,Polymer기술원,비대상,남
2020,31517,Nonexempt,Polymer기술원,비대상,남
2020,32162,Manager,생산기술기사,P,남
2020,32287,Nonexempt,Polymer기술원,비대상,남
2020,32439,Manager,생산기술기사,P,남
2020,32486,Manager,생산기술기사,P,남
2020,32522,Manager,Packaging & Automotive Tech PL,P,남
2020,32530,Exempt,생산기술기사,P,여
2020,32532,Exempt,생산기술기사,P,남
2020,32535,Manager,생산기술기사,P,남
2020,32559,Exempt,생산기술기사,P,남
2020,32563,Exempt,생산기술기사,P,남
2020,32587,Manager,공정기술기사,P,남
2020,32588,Manager,생산기술기사,P,남
2020,32596,Exempt,생산기술기사,P,남
2020,32612,Exempt,생산기술기사,P,남
2020,32613,Exempt,생산기술기사,P,남
2020,32697,Exempt,생산기술기사,P,남
2020,32709,Exempt,생산기술기사,P,남
2020,32712,Manager,생산기술기사,P,남
2020,32754,Exempt,생산기술기사,P,여
2020,32755,Exempt,생산기술기사,P,남
2020,31133,Nonexempt,장치운전원,비대상,남
2020,31146,Nonexempt,장치운전원,비대상,남
2020,31160,Nonexempt,장치운전원,비대상,남
2020,31206,Nonexempt,HDPE교대반장,비대상,남
2020,31246,Nonexempt,LLDPE교대반장,비대상,남
2020,31247,Nonexempt,HDPE교대반장,비대상,남
2020,31248,Manager,HDPE총반장,비대상,남
2020,31249,Nonexempt,LLDPE교관,비대상,남
2020,31251,Nonexempt,장치운전원,비대상,남
2020,31252,Nonexempt,장치운전원,비대상,남
2020,31253,Nonexempt,HDPE교관,비대상,남
2020,31255,Nonexempt,LLDPE총반장,비대상,남
2020,31262,Nonexempt,장치운전원,비대상,남
2020,31348,Nonexempt,LLDPE교대반장,비대상,남
2020,31410,Nonexempt,장치운전원,비대상,남
2020,31412,Nonexempt,LLDPE교대반장,비대상,남
2020,31413,Nonexempt,장치운전원,비대상,남
2020,31414,Nonexempt,HDPE교대반장,비대상,남
2020,31423,Nonexempt,HDPE교대반장,비대상,남
2020,31425,Nonexempt,장치운전원,비대상,남
2020,31427,Nonexempt,장치운전원,비대상,남
2020,31440,Nonexempt,장치운전원,비대상,남
2020,31441,Nonexempt,LLDPE교대반장,비대상,남
2020,31549,Nonexempt,장치운전원,비대상,남
2020,31561,Nonexempt,장치운전원,비대상,남
2020,31663,Nonexempt,장치운전원,비대상,남
2020,31685,Nonexempt,장치운전원,비대상,남
2020,31686,Nonexempt,장치운전원,비대상,남
2020,31687,Nonexempt,장치운전원,비대상,남
2020,31707,Nonexempt,장치운전원,비대상,남
2020,31727,Nonexempt,장치운전원,비대상,남
2020,31730,Nonexempt,장치운전원,비대상,남
2020,31731,Nonexempt,장치운전원,비대상,남
2020,31732,Nonexempt,장치운전원,비대상,남
2020,31733,Nonexempt,장치운전원,비대상,남
2020,31768,Nonexempt,추후부여,비대상,남
2020,31769,Nonexempt,장치운전원,비대상,남
2020,31782,Nonexempt,장치운전원,비대상,남
2020,31784,Nonexempt,장치운전원,비대상,남
2020,31903,Nonexempt,장치운전원,비대상,남
2020,31904,Nonexempt,장치운전원,비대상,남
2020,31912,Nonexempt,장치운전원,비대상,남
2020,31913,Nonexempt,장치운전원,비대상,남
2020,31914,Nonexempt,장치운전원,비대상,남
2020,31916,Nonexempt,장치운전원,비대상,남
2020,31982,Nonexempt,장치운전원,비대상,남
2020,32129,Nonexempt,장치운전원,비대상,남
2020,32216,Nonexempt,장치운전원,비대상,남
2020,32219,Nonexempt,장치운전원,비대상,남
2020,32239,Nonexempt,장치운전원,비대상,남
2020,32240,Nonexempt,장치운전원,비대상,남
2020,32244,Nonexempt,장치운전원,비대상,남
2020,32310,Nonexempt,장치운전원,비대상,남
2020,32321,Nonexempt,장치운전원,비대상,남
2020,32325,Nonexempt,장치운전원,비대상,남
2020,32370,Nonexempt,장치운전원,비대상,남
2020,32381,Nonexempt,장치운전원,비대상,남
2020,32597,Nonexempt,장치운전원,비대상,남
2020,32671,Nonexempt,장치운전원,비대상,남
2020,32672,Nonexempt,장치운전원,비대상,남
2020,32741,Nonexempt,장치운전원,비대상,남
2020,32742,Nonexempt,장치운전원,비대상,남
2020,32747,Nonexempt,장치운전원,비대상,남
2020,31087,Nonexempt,장치운전원,비대상,남
2020,31094,Nonexempt,장치운전원,비대상,남
2020,31122,Nonexempt,PP총반장,비대상,남
2020,31241,Nonexempt,장치운전원,비대상,남
2020,31256,Nonexempt,PP교대반장,비대상,남
2020,31257,Nonexempt,PP교관,비대상,남
2020,31260,Nonexempt,장치운전원,비대상,남
2020,31273,Nonexempt,장치운전원,비대상,남
2020,31274,Nonexempt,장치운전원,비대상,남
2020,31301,Nonexempt,장치운전원,비대상,남
2020,31349,Nonexempt,PP교대반장,비대상,남
2020,31380,Nonexempt,장치운전원,비대상,남
2020,31387,Nonexempt,장치운전원,비대상,남
2020,31393,Nonexempt,장치운전원,비대상,남
2020,31424,Nonexempt,PP교대반장,비대상,남
2020,31426,Nonexempt,PP교대반장,비대상,남
2020,31430,Nonexempt,장치운전원,비대상,남
2020,31438,Nonexempt,장치운전원,비대상,남
2020,31439,Nonexempt,장치운전원,비대상,남
2020,31442,Nonexempt,장치운전원,비대상,남
2020,31465,Nonexempt,장치운전원,비대상,남
2020,31516,Nonexempt,장치운전원,비대상,남
2020,31574,Nonexempt,장치운전원,비대상,남
2020,31627,Nonexempt,장치운전원,비대상,남
2020,31628,Nonexempt,장치운전원,비대상,남
2020,31665,Nonexempt,장치운전원,비대상,남
2020,31667,Nonexempt,장치운전원,비대상,남
2020,31734,Nonexempt,장치운전원,비대상,남
2020,31737,Nonexempt,장치운전원,비대상,남
2020,31739,Nonexempt,장치운전원,비대상,남
2020,31740,Nonexempt,장치운전원,비대상,남
2020,31746,Manager,PP생산 PL,P,남
2020,31888,Nonexempt,장치운전원,비대상,남
2020,31899,Nonexempt,장치운전원,비대상,남
2020,32215,Nonexempt,장치운전원,비대상,남
2020,32224,Nonexempt,장치운전원,비대상,남
2020,32230,Nonexempt,장치운전원,비대상,남
2020,32237,Nonexempt,장치운전원,비대상,남
2020,32245,Nonexempt,장치운전원,비대상,남
2020,32306,Nonexempt,장치운전원,비대상,남
2020,32314,Nonexempt,장치운전원,비대상,남
2020,32673,Nonexempt,장치운전원,비대상,남
2020,32674,Nonexempt,장치운전원,비대상,남
2020,32744,Nonexempt,장치운전원,비대상,남
2020,32745,Nonexempt,장치운전원,비대상,남
2020,32746,Nonexempt,장치운전원,비대상,남
2020,31069,Manager,생산관리원,비대상,남
2020,31078,Nonexempt,물류운전원,비대상,남
2020,31140,Nonexempt,생산관리원,비대상,남
2020,31226,Nonexempt,물류운전원,비대상,남
2020,31297,Nonexempt,물류운전원,비대상,남
2020,31351,Nonexempt,물류교대반장,비대상,남
2020,31353,Nonexempt,물류교관,비대상,남
2020,31394,Nonexempt,물류관리원,비대상,남
2020,31395,Nonexempt,물류운전원,비대상,남
2020,31447,Nonexempt,물류교대반장,비대상,남
2020,31483,Nonexempt,물류교대반장,비대상,남
2020,31485,Nonexempt,물류운전원,비대상,남
2020,31518,Nonexempt,물류운전원,비대상,남
2020,31528,Nonexempt,물류운전원,비대상,남
2020,31536,Nonexempt,물류운전원,비대상,남
2020,31550,Nonexempt,생산관리원,비대상,남
2020,31568,Nonexempt,물류운전원,비대상,남
2020,31661,Nonexempt,물류운전원,비대상,남
2020,31725,Nonexempt,물류운전원,비대상,남
2020,31726,Nonexempt,물류교대반장,비대상,남
2020,31766,Nonexempt,물류운전원,비대상,남
2020,31781,Nonexempt,물류출하반장,비대상,남
2020,31783,Nonexempt,생산관리원,비대상,남
2020,31905,Nonexempt,물류운전원,비대상,남
2020,32021,Manager,물류총반장,비대상,남
2020,32126,Manager,Polymer운영 PL,P,남
2020,32238,Nonexempt,물류운전원,비대상,남
2020,32261,Exempt,Polymer생산관리기사,P,남
2020,32493,Manager,Polymer생산관리기사,P,여
2020,32630,Nonexempt,통관원,비대상,남
2020,32710,Nonexempt,출하운영원,비대상,여
2020,32743,Nonexempt,물류운전원,비대상,남
2020,31138,Nonexempt,NDP운영반장,비대상,남
2020,31254,Nonexempt,장치운전원,비대상,남
2020,31315,Nonexempt,장치운전원,비대상,남
2020,31352,Nonexempt,장치운전원,비대상,남
2020,31383,Nonexempt,장치운전원,비대상,남
2020,31512,Nonexempt,장치운전원,비대상,남
2020,31666,Nonexempt,장치운전원,비대상,남
2020,31684,Nonexempt,장치운전원,비대상,남
2020,31728,Nonexempt,장치운전원,비대상,남
2020,31911,Nonexempt,장치운전원,비대상,남
2020,31915,Nonexempt,장치운전원,비대상,남
2020,31123,Nonexempt,Nexlene총반장,비대상,남
2020,31234,Nonexempt,Nexlene교대반장,비대상,남
2020,31258,Nonexempt,Nexlene교대반장,비대상,남
2020,31259,Nonexempt,Nexlene교대반장,비대상,남
2020,31401,Nonexempt,Nexlene교대반장,비대상,남
2020,31435,Nonexempt,장치운전원,비대상,남
2020,31437,Nonexempt,장치운전원,비대상,남
2020,31484,Nonexempt,장치운전원,비대상,남
2020,31577,Nonexempt,장치운전원,비대상,남
2020,31578,Nonexempt,장치운전원,비대상,남
2020,31629,Nonexempt,장치운전원,비대상,남
2020,31664,Nonexempt,장치운전원,비대상,남
2020,31706,Nonexempt,장치운전원,비대상,남
2020,31729,Nonexempt,장치운전원,비대상,남
2020,31735,Nonexempt,물류운전원,비대상,남
2020,31736,Nonexempt,장치운전원,비대상,남
2020,31767,Nonexempt,장치운전원,비대상,남
2020,31882,Nonexempt,장치운전원,비대상,남
2020,31906,Nonexempt,장치운전원,비대상,남
2020,31908,Nonexempt,장치운전원,비대상,남
2020,31910,Nonexempt,장치운전원,비대상,남
2020,32169,Nonexempt,Nexlene교관,비대상,남
2020,32211,Nonexempt,장치운전원,비대상,남
2020,32218,Nonexempt,장치운전원,비대상,남
2020,32241,Nonexempt,장치운전원,비대상,남
2020,32254,Nonexempt,장치운전원,비대상,남
2020,32255,Nonexempt,장치운전원,비대상,남
2020,32256,Nonexempt,장치운전원,비대상,남
2020,32257,Nonexempt,장치운전원,비대상,남
2020,32258,Nonexempt,장치운전원,비대상,남
2020,32302,Nonexempt,장치운전원,비대상,남
2020,32502,Manager,Nexlene생산 PL,P,남
2020,32727,Nonexempt,장치운전원,비대상,남
2020,32728,Nonexempt,장치운전원,비대상,남
2020,32729,Nonexempt,장치운전원,비대상,남
2020,32730,Nonexempt,장치운전원,비대상,남
2020,32731,Nonexempt,장치운전원,비대상,남
2020,31444,Manager,닝보EPDM총경리,P,남
2020,32618,Exempt,생산기사,P,여
2020,31225,Nonexempt,장치운전원,비대상,남
2020,31646,Nonexempt,안전·환경·보건관리원,비대상,남
2020,32191,Manager,Olefin공장장,P,남
2020,31177,Nonexempt,Olefin기술원,비대상,남
2020,31987,Nonexempt,Olefin기술원,비대상,남
2020,32201,Manager,생산기술기사,P,여
2020,32455,Manager,생산기술기사,P,남
2020,32467,Manager,Olefin기술원,비대상,남
2020,32485,Manager,Basic Chemical Tech 1 PL,P,남
2020,32533,Exempt,생산기술기사,P,남
2020,32558,Exempt,생산기술기사,P,남
2020,32603,Exempt,생산기술기사,P,남
2020,32604,Exempt,생산기술기사,P,남
2020,32616,Exempt,생산기술기사,P,남
2020,32687,Manager,생산기술기사,P,남
2020,32694,Exempt,생산기술기사,P,남
2020,32695,Exempt,생산기술기사,P,남
2020,32708,Exempt,생산기술기사,P,남
2020,32756,Nonexempt,Olefin기술원,비대상,남
2020,31059,Manager,총반장 인수인계,비대상,남
2020,31093,Nonexempt,장치운전원,비대상,남
2020,31099,Nonexempt,Olefin교관,비대상,남
2020,31141,Nonexempt,장치운전원,비대상,남
2020,31148,Nonexempt,Olefin총반장,비대상,남
2020,31150,Nonexempt,장치운전원,비대상,남
2020,31158,Nonexempt,장치운전원,비대상,남
2020,31223,Nonexempt,Olefin교대반장,비대상,남
2020,31295,Nonexempt,장치운전원,비대상,남
2020,31302,Nonexempt,Olefin총반장,비대상,남
2020,31304,Nonexempt,Olefin교대반장,비대상,남
2020,31305,Nonexempt,장치운전원,비대상,남
2020,31319,Nonexempt,장치운전원,비대상,남
2020,31329,Nonexempt,Olefin교관,비대상,남
2020,31341,Nonexempt,Olefin교대반장,비대상,남
2020,31342,Nonexempt,장치운전원,비대상,남
2020,31404,Nonexempt,장치운전원,비대상,남
2020,31405,Nonexempt,Olefin교대반장,비대상,남
2020,31420,Nonexempt,장치운전원,비대상,남
2020,31431,Nonexempt,장치운전원,비대상,남
2020,31452,Nonexempt,Olefin교대반장,비대상,남
2020,31551,Nonexempt,장치운전원,비대상,남
2020,31553,Nonexempt,Olefin교대반장,비대상,남
2020,31570,Nonexempt,장치운전원,비대상,남
2020,31573,Nonexempt,장치운전원,비대상,남
2020,31576,Nonexempt,Olefin교대반장,비대상,남
2020,31593,Nonexempt,장치운전원,비대상,남
2020,31594,Nonexempt,Olefin교대반장,비대상,남
2020,31614,Nonexempt,장치운전원,비대상,남
2020,31616,Nonexempt,장치운전원,비대상,남
2020,31618,Nonexempt,장치운전원,비대상,남
2020,31622,Nonexempt,장치운전원,비대상,남
2020,31641,Nonexempt,장치운전원,비대상,남
2020,31642,Nonexempt,장치운전원,비대상,남
2020,31643,Nonexempt,장치운전원,비대상,남
2020,31671,Nonexempt,장치운전원,비대상,남
2020,31673,Nonexempt,장치운전원,비대상,남
2020,31677,Nonexempt,장치운전원,비대상,남
2020,31719,Nonexempt,장치운전원,비대상,남
2020,31871,Nonexempt,장치운전원,비대상,남
2020,31874,Nonexempt,장치운전원,비대상,남
2020,31881,Nonexempt,장치운전원,비대상,남
2020,31941,Nonexempt,장치운전원,비대상,남
2020,31985,Nonexempt,장치운전원,비대상,남
2020,31986,Nonexempt,장치운전원,비대상,남
2020,31991,Nonexempt,장치운전원,비대상,남
2020,32034,Nonexempt,장치운전원,비대상,남
2020,32209,Nonexempt,장치운전원,비대상,남
2020,32225,Nonexempt,장치운전원,비대상,남
2020,32311,Nonexempt,장치운전원,비대상,남
2020,32312,Nonexempt,장치운전원,비대상,남
2020,32323,Nonexempt,장치운전원,비대상,남
2020,32360,Nonexempt,장치운전원,비대상,남
2020,32365,Nonexempt,장치운전원,비대상,남
2020,32453,Manager,Olefin생산1 PL,P,남
2020,32658,Nonexempt,장치운전원,비대상,남
2020,32732,Nonexempt,장치운전원,비대상,남
2020,31088,Manager,Olefin교관,비대상,남
2020,31135,Nonexempt,Global지원담당,비대상,남
2020,31137,Nonexempt,분해로관리담당,비대상,남
2020,31139,Nonexempt,Olefin총반장,비대상,남
2020,31143,Nonexempt,장치운전원,비대상,남
2020,31145,Nonexempt,장치운전원,비대상,남
2020,31147,Nonexempt,Global지원담당,비대상,남
2020,31215,Nonexempt,장치운전원,비대상,남
2020,31222,Nonexempt,장치운전원,비대상,남
2020,31227,Nonexempt,장치운전원,비대상,남
2020,31231,Nonexempt,장치운전원,비대상,남
2020,31326,Nonexempt,장치운전원,비대상,남
2020,31379,Nonexempt,Olefin교대반장,비대상,남
2020,31421,Nonexempt,Olefin교대반장,비대상,남
2020,31451,Nonexempt,장치운전원,비대상,남
2020,31454,Nonexempt,장치운전원,비대상,남
2020,31457,Nonexempt,장치운전원,비대상,남
2020,31521,Nonexempt,Oefin교대반장,비대상,남
2020,31524,Nonexempt,장치운전원,비대상,남
2020,31532,Nonexempt,장치운전원,비대상,남
2020,31582,Nonexempt,장치운전원,비대상,남
2020,31590,Nonexempt,장치운전원,비대상,남
2020,31591,Nonexempt,장치운전원,비대상,남
2020,31637,Nonexempt,장치운전원,비대상,남
2020,31647,Nonexempt,Olefin교대반장,비대상,남
2020,31648,Nonexempt,장치운전원,비대상,남
2020,31680,Nonexempt,장치운전원,비대상,남
2020,31785,Nonexempt,장치운전원,비대상,남
2020,31876,Nonexempt,장치운전원,비대상,남
2020,31878,Nonexempt,장치운전원,비대상,남
2020,31880,Nonexempt,장치운전원,비대상,남
2020,31901,Nonexempt,장치운전원,비대상,남
2020,31942,Nonexempt,장치운전원,비대상,남
2020,31943,Nonexempt,장치운전원,비대상,남
2020,31988,Nonexempt,장치운전원,비대상,남
2020,32212,Nonexempt,장치운전원,비대상,남
2020,32262,Manager,Olefin생산2 PL,P,남
2020,32354,Nonexempt,장치운전원,비대상,남
2020,32356,Nonexempt,장치운전원,비대상,남
2020,32361,Nonexempt,장치운전원,비대상,남
2020,32364,Nonexempt,장치운전원,비대상,남
2020,32367,Nonexempt,장치운전원,비대상,남
2020,32371,Nonexempt,추후부여,비대상,남
2020,32376,Nonexempt,장치운전원,비대상,남
2020,32659,Nonexempt,장치운전원,비대상,남
2020,32733,Nonexempt,장치운전원,비대상,남
2020,32734,Nonexempt,장치운전원,비대상,남
2020,32735,Nonexempt,장치운전원,비대상,남
2020,31058,Nonexempt,장치운전원,비대상,남
2020,31092,Nonexempt,저장·출하운영원,비대상,남
2020,31097,Nonexempt,Olefin총반장,비대상,남
2020,31098,Nonexempt,장치운전원,비대상,남
2020,31153,Nonexempt,장치운전원,비대상,남
2020,31154,Nonexempt,장치운전원,비대상,남
2020,31210,Nonexempt,Olefin교관,비대상,남
2020,31224,Nonexempt,장치운전원,비대상,남
2020,31228,Nonexempt,장치운전원,비대상,남
2020,31230,Nonexempt,장치운전원,비대상,남
2020,31306,Nonexempt,장치운전원,비대상,남
2020,31309,Nonexempt,Olefin교관,비대상,남
2020,31321,Nonexempt,Olefin총반장,비대상,남
2020,31322,Nonexempt,장치운전원,비대상,남
2020,31327,Nonexempt,Olefin교대반장,비대상,남
2020,31377,Nonexempt,Olefin교대반장,비대상,남
2020,31400,Nonexempt,Olefin교대반장,비대상,남
2020,31415,Nonexempt,장치운전원,비대상,남
2020,31456,Nonexempt,장치운전원,비대상,남
2020,31486,Nonexempt,출하운전원,비대상,남
2020,31522,Nonexempt,Olefin교대반장,비대상,남
2020,31541,Nonexempt,장치운전원,비대상,남
2020,31542,Nonexempt,장치운전원,비대상,남
2020,31557,Nonexempt,장치운전원,비대상,남
2020,31569,Nonexempt,Olefin교대반장,비대상,남
2020,31579,Nonexempt,장치운전원,비대상,남
2020,31615,Nonexempt,Olefin교대반장,비대상,남
2020,31621,Nonexempt,장치운전원,비대상,남
2020,31631,Nonexempt,장치운전원,비대상,남
2020,31649,Nonexempt,Olefin교대반장,비대상,남
2020,31652,Nonexempt,장치운전원,비대상,남
2020,31670,Nonexempt,장치운전원,비대상,남
2020,31679,Nonexempt,장치운전원,비대상,남
2020,31682,Nonexempt,Olefin교대반장,비대상,남
2020,31683,Nonexempt,장치운전원,비대상,남
2020,31697,Nonexempt,장치운전원,비대상,남
2020,31774,Nonexempt,장치운전원,비대상,남
2020,31775,Nonexempt,장치운전원,비대상,남
2020,31776,Nonexempt,장치운전원,비대상,남
2020,31777,Nonexempt,장치운전원,비대상,남
2020,31879,Nonexempt,장치운전원,비대상,남
2020,31945,Nonexempt,장치운전원,비대상,남
2020,32316,Nonexempt,장치운전원,비대상,남
2020,32320,Nonexempt,장치운전원,비대상,남
2020,32329,Nonexempt,장치운전원,비대상,남
2020,32355,Nonexempt,장치운전원,비대상,남
2020,32357,Nonexempt,장치운전원,비대상,남
2020,32358,Nonexempt,장치운전원,비대상,남
2020,32382,Nonexempt,장치운전원,비대상,남
2020,32397,Nonexempt,장치운전원,비대상,남
2020,32437,Manager,Olefin생산3 PL,P,남
2020,32660,Nonexempt,장치운전원,비대상,남
2020,32661,Nonexempt,장치운전원,비대상,남
2020,32736,Nonexempt,장치운전원,비대상,남
2020,32737,Nonexempt,장치운전원,비대상,남
2020,31090,Nonexempt,저유운전원,비대상,남
2020,31151,Manager,총반장 인수인계,비대상,남
2020,31159,Nonexempt,저유운전원,비대상,남
2020,31204,Nonexempt,저유운전원,비대상,남
2020,31214,Nonexempt,장치운전원,비대상,남
2020,31263,Manager,Olefin교관,비대상,남
2020,31265,Nonexempt,운영교대반장,비대상,남
2020,31266,Nonexempt,NCC운영반장,비대상,남
2020,31296,Nonexempt,Olefin교대반장,비대상,남
2020,31303,Nonexempt,Olefin총반장,비대상,남
2020,31307,Nonexempt,장치운전원,비대상,남
2020,31317,Nonexempt,운영교대반장,비대상,남
2020,31318,Nonexempt,장치운전원,비대상,남
2020,31320,Nonexempt,장치운전원,비대상,남
2020,31323,Nonexempt,저유운전원,비대상,남
2020,31324,Nonexempt,운영교대반장,비대상,남
2020,31325,Nonexempt,운영총반장,비대상,남
2020,31384,Nonexempt,Olefin교대반장,비대상,남
2020,31385,Nonexempt,장치운전원,비대상,남
2020,31386,Nonexempt,운영교관,비대상,남
2020,31409,Nonexempt,저유운전원,비대상,남
2020,31461,Nonexempt,장치운전원,비대상,남
2020,31462,Nonexempt,저유운전원,비대상,남
2020,31463,Nonexempt,저유운전원,비대상,남
2020,31558,Nonexempt,저유운전원,비대상,남
2020,31559,Nonexempt,운영교대반장,비대상,남
2020,31560,Nonexempt,장치운전원,비대상,남
2020,31575,Nonexempt,장치운전원,비대상,남
2020,31581,Nonexempt,Olefin교대반장,비대상,남
2020,31617,Nonexempt,Olefin교대반장,비대상,남
2020,31620,Nonexempt,장치운전원,비대상,남
2020,31630,Nonexempt,저유운전원,비대상,남
2020,31639,Nonexempt,장치운전원,비대상,남
2020,31640,Nonexempt,저유운전원,비대상,남
2020,31675,Nonexempt,장치운전원,비대상,남
2020,31718,Nonexempt,장치운전원,비대상,남
2020,31773,Nonexempt,장치운전원,비대상,남
2020,31780,Nonexempt,저유운전원,비대상,남
2020,31883,Nonexempt,장치운전원,비대상,남
2020,32226,Nonexempt,저유운전원,비대상,남
2020,32231,Nonexempt,장치운전원,비대상,남
2020,32339,Manager,PC생산·출하 PL,P,남
2020,32351,Nonexempt,장치운전원,비대상,남
2020,32352,Nonexempt,장치운전원,비대상,남
2020,32353,Nonexempt,장치운전원,비대상,남
2020,32375,Nonexempt,장치운전원,비대상,남
2020,32379,Nonexempt,저유운전원,비대상,남
2020,32662,Nonexempt,장치운전원,비대상,남
2020,32663,Nonexempt,저유운전원,비대상,남
2020,32664,Nonexempt,저유운전원,비대상,남
2020,32738,Nonexempt,저유운전원,비대상,남
2020,32739,Nonexempt,저유운전원,비대상,남
2020,32740,Nonexempt,저유운전원,비대상,남
2020,30056,Executive,Aromatic공장장,비대상,남
2020,31081,Nonexempt,생산관리원,비대상,남
2020,32062,Manager,안전·환경·보건관리원,비대상,남
2020,32046,Manager,생산기술기사,P,남
2020,32095,Nonexempt,Aromatic생산기술원,비대상,남
2020,32417,Exempt,생산기술기사,P,남
2020,32425,Manager,생산기술기사,P,남
2020,32474,Manager,생산기술기사,P,남
2020,32475,Manager,생산기술기사,P,남
2020,32479,Exempt,생산기술기사,P,여
2020,32531,Exempt,생산기술기사,P,남
2020,32568,Manager,Basic Chemical Tech 2 PL,P,남
2020,32610,Exempt,생산기술기사,P,여
2020,32614,Exempt,생산기술기사,P,남
2020,32617,Exempt,생산기술기사,P,여
2020,32698,Exempt,생산기술기사,P,남
2020,31126,Nonexempt,Aromatic총반장,비대상,남
2020,31131,Nonexempt,장치운전원,비대상,남
2020,31205,Nonexempt,장치운전원,비대상,남
2020,31212,Nonexempt,장치운전원,비대상,남
2020,31219,Nonexempt,장치운전원,비대상,남
2020,31221,Nonexempt,Aromatic교관,비대상,남
2020,31311,Nonexempt,장치운전원,비대상,남
2020,31343,Nonexempt,장치운전원,비대상,남
2020,31344,Nonexempt,장치운전원,비대상,남
2020,31346,Nonexempt,Aromatic교대반장,비대상,남
2020,31382,Nonexempt,장치운전원,비대상,남
2020,31399,Nonexempt,장치운전원,비대상,남
2020,31407,Nonexempt,장치운전원,비대상,남
2020,31422,Nonexempt,장치운전원,비대상,남
2020,31460,Nonexempt,장치운전원,비대상,남
2020,31464,Nonexempt,장치운전원,비대상,남
2020,31475,Nonexempt,장치운전원,비대상,남
2020,31476,Nonexempt,장치운전원,비대상,남
2020,31530,Nonexempt,장치운전원,비대상,남
2020,31580,Nonexempt,Aromatic교대반장,비대상,남
2020,31624,Nonexempt,장치운전원,비대상,남
2020,31632,Nonexempt,Aromatic교대반장,비대상,남
2020,31635,Nonexempt,장치운전원,비대상,남
2020,31653,Nonexempt,장치운전원,비대상,남
2020,31654,Nonexempt,장치운전원,비대상,남
2020,31655,Nonexempt,장치운전원,비대상,남
2020,31658,Nonexempt,장치운전원,비대상,남
2020,31660,Nonexempt,Aromatic교대반장,비대상,남
2020,31720,Nonexempt,장치운전원,비대상,남
2020,31763,Nonexempt,장치운전원,비대상,남
2020,31875,Nonexempt,장치운전원,비대상,남
2020,31885,Nonexempt,장치운전원,비대상,남
2020,31886,Nonexempt,장치운전원,비대상,남
2020,31887,Nonexempt,장치운전원,비대상,남
2020,32210,Nonexempt,장치운전원,비대상,남
2020,32220,Nonexempt,장치운전원,비대상,남
2020,32246,Nonexempt,장치운전원,비대상,남
2020,32251,Manager,Aromatic생산1 PL,P,남
2020,32372,Nonexempt,장치운전원,비대상,남
2020,32374,Nonexempt,장치운전원,비대상,남
2020,32665,Nonexempt,장치운전원,비대상,남
2020,32666,Nonexempt,장치운전원,비대상,남
2020,32667,Nonexempt,장치운전원,비대상,남
2020,32668,Nonexempt,장치운전원,비대상,남
2020,32717,Nonexempt,장치운전원,비대상,남
2020,32718,Nonexempt,장치운전원,비대상,남
2020,32719,Nonexempt,장치운전원,비대상,남
2020,32720,Nonexempt,장치운전원,비대상,남
2020,32721,Nonexempt,장치운전원,비대상,남
2020,32757,Nonexempt,장치운전원,비대상,남
2020,31084,Nonexempt,장치운전원,비대상,남
2020,31124,Nonexempt,장치운전원,비대상,남
2020,31132,Nonexempt,장치운전원,비대상,남
2020,31134,Nonexempt,Aromatic총반장,비대상,남
2020,31157,Nonexempt,장치운전원,비대상,남
2020,31229,Nonexempt,Aromatic교관,비대상,남
2020,31308,Nonexempt,Aromatic교대반장,비대상,남
2020,31312,Nonexempt,장치운전원,비대상,남
2020,31328,Nonexempt,Aromatic교대반장,비대상,남
2020,31364,Nonexempt,장치운전원,비대상,남
2020,31397,Nonexempt,장치운전원,비대상,남
2020,31398,Nonexempt,장치운전원,비대상,남
2020,31402,Nonexempt,장치운전원,비대상,남
2020,31408,Nonexempt,Aromatic교대반장,비대상,남
2020,31429,Nonexempt,Aromatic교대반장,비대상,남
2020,31446,Nonexempt,장치운전원,비대상,남
2020,31455,Nonexempt,장치운전원,비대상,남
2020,31459,Nonexempt,장치운전원,비대상,남
2020,31529,Nonexempt,장치운전원,비대상,남
2020,31533,Nonexempt,장치운전원,비대상,남
2020,31537,Nonexempt,장치운전원,비대상,남
2020,31571,Nonexempt,장치운전원,비대상,남
2020,31572,Nonexempt,장치운전원,비대상,남
2020,31598,Nonexempt,장치운전원,비대상,남
2020,31644,Nonexempt,장치운전원,비대상,남
2020,31672,Nonexempt,장치운전원,비대상,남
2020,31678,Nonexempt,장치운전원,비대상,남
2020,31698,Nonexempt,장치운전원,비대상,남
2020,31721,Nonexempt,장치운전원,비대상,남
2020,31722,Nonexempt,장치운전원,비대상,남
2020,31723,Nonexempt,장치운전원,비대상,남
2020,31890,Nonexempt,장치운전원,비대상,남
2020,31894,Nonexempt,장치운전원,비대상,남
2020,31896,Nonexempt,장치운전원,비대상,남
2020,31897,Nonexempt,장치운전원,비대상,남
2020,31989,Nonexempt,장치운전원,비대상,남
2020,31990,Nonexempt,장치운전원,비대상,남
2020,31992,Nonexempt,장치운전원,비대상,남
2020,32020,Nonexempt,장치운전원,비대상,남
2020,32217,Nonexempt,장치운전원,비대상,남
2020,32228,Nonexempt,장치운전원,비대상,남
2020,32235,Nonexempt,장치운전원,비대상,남
2020,32322,Nonexempt,장치운전원,비대상,남
2020,32327,Nonexempt,장치운전원,비대상,남
2020,32378,Nonexempt,장치운전원,비대상,남
2020,32452,Manager,Aromatic생산2 PL,P,남
2020,32675,Nonexempt,장치운전원,비대상,남
2020,32726,Nonexempt,장치운전원,비대상,남
2020,32019,Nonexempt,장치운전원,비대상,남
2020,32024,Nonexempt,장치운전원,비대상,남
2020,32026,Nonexempt,장치운전원,비대상,남
2020,32032,Manager,Aromatic총반장,비대상,남
2020,32039,Nonexempt,장치운전원,비대상,남
2020,32040,Nonexempt,Aromatic교대반장,비대상,남
2020,32041,Nonexempt,Aromatic교관,비대상,남
2020,32042,Nonexempt,장치운전원,비대상,남
2020,32043,Nonexempt,장치운전원,비대상,남
2020,32044,Nonexempt,장치운전원,비대상,남
2020,32045,Nonexempt,장치운전원,비대상,남
2020,32053,Nonexempt,Aromatic교대반장,비대상,남
2020,32054,Nonexempt,장치운전원,비대상,남
2020,32055,Nonexempt,장치운전원,비대상,남
2020,32056,Nonexempt,장치운전원,비대상,남
2020,32061,Nonexempt,장치운전원,비대상,남
2020,32063,Nonexempt,Aromatic교대반장,비대상,남
2020,32064,Nonexempt,장치운전원,비대상,남
2020,32068,Nonexempt,장치운전원,비대상,남
2020,32074,Nonexempt,장치운전원,비대상,남
2020,32088,Nonexempt,장치운전원,비대상,남
2020,32093,Nonexempt,Aromatic교대반장,비대상,남
2020,32094,Nonexempt,장치운전원,비대상,남
2020,32096,Nonexempt,장치운전원,비대상,남
2020,32098,Nonexempt,장치운전원,비대상,남
2020,32104,Nonexempt,장치운전원,비대상,남
2020,32105,Nonexempt,장치운전원,비대상,남
2020,32243,Nonexempt,장치운전원,비대상,남
2020,32377,Nonexempt,장치운전원,비대상,남
2020,32669,Nonexempt,장치운전원,비대상,남
2020,32670,Nonexempt,장치운전원,비대상,남
2020,32688,Manager,Aromatic생산3 PL,P,남
2020,32722,Nonexempt,장치운전원,비대상,남
2020,32723,Nonexempt,장치운전원,비대상,남
2020,31082,Nonexempt,저장·출하운영원,비대상,남
2020,31086,Nonexempt,Aromatic총반장,비대상,남
2020,31127,Nonexempt,장치운전원,비대상,남
2020,31129,Nonexempt,장치운전원,비대상,남
2020,31217,Nonexempt,장치운전원,비대상,남
2020,31218,Nonexempt,Aromatic교관,비대상,남
2020,31220,Nonexempt,장치운전원,비대상,남
2020,31233,Nonexempt,장치운전원,비대상,남
2020,31345,Nonexempt,장치운전원,비대상,남
2020,31347,Nonexempt,장치운전원,비대상,남
2020,31406,Nonexempt,장치운전원,비대상,남
2020,31453,Nonexempt,Aromatic교대반장,비대상,남
2020,31458,Nonexempt,장치운전원,비대상,남
2020,31540,Nonexempt,장치운전원,비대상,남
2020,31563,Nonexempt,Aromatic교대반장,비대상,남
2020,31566,Nonexempt,장치운전원,비대상,남
2020,31619,Nonexempt,장치운전원,비대상,남
2020,31626,Nonexempt,장치운전원,비대상,남
2020,31645,Nonexempt,장치운전원,비대상,남
2020,31651,Nonexempt,장치운전원,비대상,남
2020,31656,Nonexempt,장치운전원,비대상,남
2020,31659,Nonexempt,Aromatic교대반장,비대상,남
2020,31674,Nonexempt,장치운전원,비대상,남
2020,31877,Nonexempt,장치운전원,비대상,남
2020,31895,Nonexempt,장치운전원,비대상,남
2020,32025,Nonexempt,장치운전원,비대상,남
2020,32033,Nonexempt,장치운전원,비대상,남
2020,32057,Nonexempt,Aromatic교대반장,비대상,남
2020,32089,Nonexempt,장치운전원,비대상,남
2020,32097,Nonexempt,장치운전원,비대상,남
2020,32213,Nonexempt,장치운전원,비대상,남
2020,32222,Nonexempt,장치운전원,비대상,남
2020,32223,Nonexempt,장치운전원,비대상,남
2020,32233,Nonexempt,장치운전원,비대상,남
2020,32265,Nonexempt,장치운전원,비대상,남
2020,32309,Nonexempt,장치운전원,비대상,남
2020,32318,Nonexempt,장치운전원,비대상,남
2020,32470,Manager,Aromatic생산4 PL,P,남
2020,32724,Nonexempt,장치운전원,비대상,남
2020,32725,Nonexempt,장치운전원,비대상,남
2020,31089,Manager,안전관리원,비대상,남
2020,31909,Nonexempt,환경관리원,비대상,남
2020,32022,Manager,안전관리원,비대상,남
2020,32052,Manager,환경관리원,비대상,남
2020,32081,Manager,안전관리원,비대상,남
2020,32103,Nonexempt,간호사,비대상,여
2020,32232,Nonexempt,안전관리원,비대상,남
2020,32308,Nonexempt,환경관리원,비대상,남
2020,32629,Nonexempt,안전관리원,비대상,남
2020,31155,Nonexempt,Polymer기술원,비대상,남
2020,31443,Nonexempt,Polymer기술원,비대상,남
2020,32290,Manager,생산기술기사,P,남
2020,32296,Exempt,생산기술기사,P,남
2020,32450,Manager,생산기술기사,P,남
2020,32488,Manager,생산기술기사,P,남
2020,32569,Manager,Global Tech지원 PL,P,남
2020,32707,Manager,Project기사,P,남
2020,32460,Manager,경쟁력강화 담당,P,남
2020,32471,Manager,Tech & Value-Up Squad PO,P,남
2020,32564,Exempt,전략투자 담당,P,남
2020,32628,Manager,Agile Task 담당,P,남
2020,32454,Manager,SHE Compliance Squad PO,P,남
2020,32457,Manager,New Biz. 담당,P,남
2020,32481,Exempt,통합 인허가 담당,P,남
2020,32611,Exempt,SHE Coordi‘ 담당,P,남
2020,30034,Executive,project담당,비대상,남
2020,30047,Executive,전략본부장,비대상,남
2020,32600,Manager,추후부여,비대상,남
2020,32525,Manager,법무원/변호사,S,여
2020,32685,Manager,SKGC Legal PL,S,남
2020,32715,Manager,법무원,S,남
2020,32749,Manager,법무원/변호사,S,여
2020,39103,Contractor,법무원/외국변호사,S,남
2020,39134,Contractor,법무원/외국변호사,S,여
2020,32703,Manager,정보보호담당,비대상,남
2020,31745,Manager,화학물질/SHE 정책 대응 담당,S,남
2020,32449,Manager,Product Stewardship 담당,S,남
2020,32537,Manager,제품 사규 및 Audit 담당,S,남
2020,32702,Manager,Product Responsible Care CoE Leader,S,남
2020,32779,Manager,Product Stewardship 담당,S,여
2020,31838,Manager,경영기획실장 직무대행,S,남
2020,31109,Manager,기획관리원,S,남
2020,31926,Manager,기획관리원,S,남
2020,31955,Manager,기획관리원,S,남
2020,31972,Manager,기획관리원,S,여
2020,32545,Nonexempt,기획운영원,비대상,여
2020,32583,Manager,기획관리원,S,남
2020,32606,Exempt,기획관리원,S,여
2020,32748,Manager,전략기획 PL,S,남
2020,32751,Manager,기획관리원,S,남
2020,32774,Exempt,기획관리원,S,남
2020,32778,Manager,기획관리원,S,여
2020,31690,Manager,신규 DBL 과제 발굴/추진,S,남
2020,31939,Manager,지속가능 생태계 구축/활성화,S,여
2020,32151,Manager,전사 SV 추진체계 담당,S,남
2020,32390,Exempt,신규 DBL 과제 발굴/추진,S,남
2020,31358,Manager,동반성장기획원,S,남
2020,31957,Manager,동반성장기획원,S,남
2020,31835,Nonexempt,기획운영원,비대상,여
2020,32260,Manager,기획관리원,S,여
2020,32386,Exempt,기획관리원,S,남
2020,32528,Exempt,기획관리원,S,남
2020,32620,Manager,기획관리원,S,남
2020,32624,Manager,기획관리원,S,남
2020,32637,Nonexempt,신용관리운영원,비대상,여
2020,32677,Manager,경영분석 PL,S,남
2020,32684,Manager,기획관리원,S,남
2020,31798,Manager,TF PL,S,남
2020,31868,Manager,ERP기획원,S,남
2020,32171,Manager,ERP기획원,S,여
2020,32199,Manager,ERP기획원,S,남
2020,32392,Exempt,ERP기획원,S,남
2020,32404,Manager,ERP기획원,S,여
2020,32501,Manager,ERP기획원,S,남
2020,30069,Executive,Account마케팅실장,비대상,남
2020,30058,Executive,O&D실장,비대상,남
2020,31820,Nonexempt,최적운영원,비대상,여
2020,31850,Nonexempt,Risk관리운영원,비대상,여
2020,32554,Exempt,시장분석원,S,남
2020,31789,Manager,Sustainable Improvement Squad PO,S,남
2020,32464,Exempt,최적운영담당,S,남
2020,32518,Manager,최적화기획담당,S,남
2020,32562,Exempt,최적운영담당,S,여
2020,32714,Exempt,최적운영담당,S,여
2020,31791,Manager,Market Research Squad PO,S,남
2020,31846,Manager,시장분석담당,S,남
2020,31937,Manager,시장분석담당,S,남
2020,31970,Manager,수급기획담당,S,남
2020,32512,Manager,납사수급운영,S,여
2020,32536,Manager,Feedstock Supply Squad PO,S,남
2020,32608,Exempt,수급운영담당,S,여
2020,32005,Manager,Risk Management Squad PO,S,남
2020,32633,Exempt,Risk관리담당,S,여
2020,31609,Manager,DT 기획,S,남
2020,32401,Manager,DT 기획,S,남
2020,32511,Manager,Digital Transformation Squad PO,S,남
2020,32759,Manager,DT 기획,S,남
2020,32006,Manager,Digital Solution Squad PO,S,남
2020,32477,Manager,DS과제기획담당,S,남
2020,30064,Executive,중국투자관리실장,비대상,여
2020,31695,Manager,중국사업개발 PL,S,남
2020,32689,Manager,사업기획원,S,남
2020,30052,Executive,재무부총경리(CFO),비대상,남
2020,30057,Executive,계획/최적화 부총경리,비대상,남
2020,31743,Manager,화공생산부장,P,남
2020,32692,Manager,계획/최적화부장,P,남
2020,32693,Manager,안전환경부장,P,남
2020,39076,Contractor,Project Advisor,P,남
2020,39097,Contractor,안전환경부총경리,P,남
2020,31689,Manager,중국사업지원 PL,S,남
2020,31330,Manager,사업기획원,S,남
2020,31960,Manager,추후부여,비대상,남
2020,32565,Manager,추후부여,비대상,여
2020,32179,Manager,경제성담당,S,남
2020,32593,Manager,#3 EAA 추진 Squad PO,S,남
2020,32185,Manager,Product Portfolio최적화담당,S,남
2020,32259,Manager,Nexlene추진 Squad PO,S,여
2020,32577,Manager,Joint F/S담당,S,남
2020,32406,Manager,Alliance/M&A 전략담당,S,남
2020,32574,Manager,Alliance/M&A 전략담당,S,남
2020,31754,Manager,Auto. Partnering1 Squad PO,S,남
2020,32144,Manager,시장/제품담당,S,남
2020,32297,Manager,Biz Model담당,S,남
2020,32550,Manager,Tech/경제성평가담당,S,여
2020,32622,Manager,Valuation담당,S,남
2020,30065,Executive,재무실장,비대상,남
2020,32750,Manager,자금관리원,비대상,남
2020,39073,Contractor,일반회계원,비대상,남
2020,31845,Manager,The 행복 PL,S,남
2020,31922,Manager,행복Designer,S,여
2020,32343,Nonexempt,비서,비대상,여
2020,32387,Exempt,추후부여,비대상,여
2020,32491,Manager,행복Designer,S,남
2020,32519,Nonexempt,추후부여,비대상,여
2020,32758,Nonexempt,행복Designer,비대상,여
2020,30062,Executive,중국경영지원실장,비대상,남
2020,32538,Manager,Project담당,S,남
2020,32584,Manager,재무담당,S,남
2020,32683,Manager,재무 PL,S,남
2020,32099,Manager,옌청 Unit PL,S,남
2020,32777,Manager,HR지원1 PL,S,남
2020,32585,Manager,기획원,S,남
2020,32421,Manager,추후부여,비대상,남
2020,31800,Manager,사업지원 Chapter CL,M,남
2020,31866,Manager,사업지원담당,M,남
2020,31975,Manager,사업지원담당,M,여
2020,32344,Manager,사업지원담당,M,남
2020,32403,Manager,사업지원담당,M,남
2020,32498,Exempt,사업지원담당,M,남
2020,32556,Exempt,사업지원담당,M,여
2020,32561,Exempt,사업지원담당,M,남
2020,32615,Exempt,사업지원담당,M,남
2020,32752,Exempt,사업지원담당,M,남
2020,32147,Manager,Middle Office Chapter CL,M,남
2020,32205,Manager,Middle Office 담당,M,남
2020,32429,Exempt,Middle Office 담당,M,남
2020,32605,Exempt,Middle Office 담당,M,남
2020,31815,Manager,Back Office Chapter CL,M,남
2020,31817,Nonexempt,판매운영원,비대상,여
2020,31824,Nonexempt,판매운영원,비대상,여
2020,31827,Nonexempt,판매운영원,비대상,여
2020,31833,Nonexempt,판매운영원,비대상,여
2020,31834,Nonexempt,Account사업운영그룹리더,비대상,여
2020,31852,Nonexempt,판매운영원,비대상,여
2020,31892,Nonexempt,판매운영원,비대상,여
2020,31961,Nonexempt,추후부여,비대상,여
2020,31964,Nonexempt,판매운영원,비대상,여
2020,32183,Nonexempt,판매운영원,비대상,여
2020,32206,Nonexempt,판매운영원,비대상,여
2020,32207,Nonexempt,판매운영원,비대상,여
2020,32340,Nonexempt,판매운영원,비대상,여
2020,32503,Nonexempt,판매운영원,비대상,여
2020,32706,Nonexempt,판매운영원,비대상,여
2020,32763,Nonexempt,판매운영원,비대상,여
2020,32764,Nonexempt,판매운영원,비대상,여
2020,39102,Contractor,판매운영원,비대상,여
2020,32271,Exempt,Account Marketer,M,여
2020,32526,Exempt,Polymer고객군 Squad PO,M,남
2020,32704,Exempt,Account Marketer,M,여
2020,31923,Manager,Account Marketer,M,여
2020,31938,Manager,Account Marketer,M,남
2020,32414,Manager,Rubber고객군 Squad PO,M,남
2020,32679,Exempt,Account Marketer,M,남
2020,31807,Manager,고부가Solvent고객군 Squad PO,M,남
2020,32175,Manager,Account Marketer,M,여
2020,32272,Exempt,Account Marketer,M,여
2020,32412,Manager,Account Marketer,M,여
2020,32555,Exempt,Account Marketer,M,여
2020,31748,Manager,Account Marketer,M,남
2020,31792,Manager,일반Solvent고객군 Squad PO,M,남
2020,31924,Manager,Account Marketer,M,남
2020,32682,Exempt,Account Marketer,M,남
2020,31696,Manager,Account Marketer,M,남
2020,31900,Manager,Fiber Material고객군 Squad PO,M,남
2020,32149,Manager,Account Marketer,M,남
2020,32430,Exempt,Account Marketer,M,남
2020,32681,Exempt,Account Marketer,M,여
2020,31969,Manager,Construction Material고객군 Squad PO,M,여
2020,32389,Exempt,Account Marketer,M,남
2020,32527,Exempt,Account Marketer,M,남
2020,32438,Manager,Trader,M,남
2020,31810,Manager,China Trading Squad PO,M,남
2020,31940,Manager,추후부여,비대상,남
2020,32111,Manager,Trader,M,남
2020,32174,Exempt,Polymer담당,M,남
2020,31920,Manager,R1 Squad PO,S,남
2020,31494,Manager,Production Management Coordinator,P,남
2020,32281,Manager,UAC대표,S,남
2020,32544,Manager,Planning & Coordination Coordinator,P,남
2020,32589,Manager,Safety&Environment Team Leader,P,남
2020,32632,Manager,Management Support Team Leader,S,남
2020,39074,Contractor,인력기획원,S,여
2020,39522,Executive,비상근고문,비대상,남
2020,39523,Executive,비상근고문,비대상,남
2020,39524,Executive,비상근고문,비대상,남
2020,39527,Executive,비상근고문,비대상,남
2020,39529,Executive,비상근고문,비대상,남
2020,30049,Executive,경영자문위원,비대상,남
2020,30061,Executive,경영자문위원,비대상,남
2020,30063,Executive,경영자문위원,비대상,남
2020,30067,Executive,SSNC CEO,비대상,남
2020,32436,Manager,SK China 파견,비대상,남
2020,39530,Executive,경영자문위원,비대상,남
2020,39531,Executive,SE Consultant,비대상,남
2021,30059,Executive,대표이사/사장,비대상,남
2021,32567,Manager,Global TS&D Center장,R,남
2021,32579,Manager,연구원,R,남
2021,32776,Manager,한국 Packaging TS&D 담당,R,남
2021,30060,Executive,Green Biz추진 Group장,비대상,남
2021,30071,Executive,Green Biz추진 Group담당,비대상,남
2021,32545,Nonexempt,비서,비대상,여
2021,32599,Manager,Green Biz추진 Group담당,S,남
2021,39191,Contractor,브랜드담당,S,남
2021,31926,Manager,C Square Chapter CL,S,남
2021,31939,Manager,Comm 기획,S,여
2021,32491,Manager,사업개발원,S,남
2021,32390,Exempt,R7 Squad PO,S,남
2021,32604,Exempt,Biz. Value-up 추진,S,남
2021,32617,Exempt,Global Coordination,S,여
2021,31920,Manager,R1 Squad PO,S,남
2021,32561,Exempt,국내 CR JV추진,S,남
2021,39190,Contractor,전략/기술자문,비대상,남
2021,32838,Exempt,사업개발원,S,남
2021,31696,Manager,R-PET MR. Biz. Partnering Squad PO,S,남
2021,32179,Manager,BM 개발,S,남
2021,32297,Manager,R5 Squad PO,S,남
2021,32840,Exempt,BM 개발,S,여
2021,32855,Exempt,BM 개발,S,남
2021,32406,Manager,F&S Chapter CL,S,남
2021,32526,Exempt,추후부여,비대상,남
2021,32528,Exempt,투자기획원,S,남
2021,32622,Manager,투자기획원,S,남
2021,32854,Exempt,투자기획원,S,여
2021,31998,Manager,BM개발,S,여
2021,32577,Manager,R0 Squad PO,S,남
2021,32868,Exempt,사업개발,S,남
2021,31690,Manager,R2 Squad PO,S,남
2021,32273,Exempt,BM 개발,S,남
2021,32596,Exempt,BM 개발,S,남
2021,30042,Executive,Packaging본부장,비대상,남
2021,32592,Manager,추후부여,비대상,남
2021,31840,Manager,사업관리원,M,남
2021,32268,Exempt,사업관리원,M,남
2021,32680,Exempt,사업관리원,M,여
2021,32753,Exempt,사업관리원,M,남
2021,32762,Exempt,추후부여,비대상,남
2021,32852,Exempt,사업관리원,M,남
2021,32195,Manager,기획관리원,M,남
2021,32618,Exempt,엔지니어,P,여
2021,32151,Manager,시장개발원,M,남
2021,32388,Exempt,시장개발원,S,남
2021,32582,Manager,Packaging Green Solution Squad PO,M,여
2021,32678,Exempt,Solution Marketer,M,남
2021,32869,Exempt,시장개발원,M,남
2021,31800,Manager,Packaging사업부장,비대상,남
2021,31974,Manager,시장개발원,M,남
2021,32581,Manager,시장개발원,M,남
2021,31605,Manager,판매담당,M,남
2021,32400,Manager,Packaging 친환경 Squad PO,M,남
2021,32509,Manager,판매담당,M,남
2021,32634,Exempt,판매담당,M,남
2021,32003,Manager,판매담당,M,남
2021,32136,Manager,판매담당,M,남
2021,32595,Manager,Consumer Market Squad PO,M,남
2021,32711,Exempt,판매담당,M,남
2021,31277,Manager,판매담당,M,남
2021,31801,Manager,Industrial Market Squad PO,M,남
2021,32335,Manager,판매담당,M,남
2021,32410,Manager,판매담당,M,남
2021,32765,Manager,판매담당,M,남
2021,31996,Manager,화학담당,M,남
2021,31806,Manager,Packaging판매원,M,남
2021,31931,Manager,화남지사장,M,남
2021,30050,Executive,SK Functional Polymer대표,비대상,남
2021,32690,Manager,사업기획원,S,여
2021,32760,Manager,재무/회계관리원,S,남
2021,32761,Manager,인력기획원,S,남
2021,31935,Manager,생산기술기사,S,남
2021,32627,Manager,생산기술기사,P,남
2021,31495,Manager,SKGCA 대표,M,남
2021,32846,Manager,인력기획원,S,남
2021,32848,Manager,재무/회계관리원,S,남
2021,38994,Manager,Aromatic담당,M,여
2021,32009,Manager,사업운영원,M,남
2021,32454,Manager,생산기술기사,P,남
2021,32450,Manager,Process Engineer,P,남
2021,32487,Manager,Process Engineer,P,남
2021,31489,Nonexempt,판매운영원,비대상,여
2021,31836,Nonexempt,Packaging사업운영그룹리더,비대상,여
2021,32184,Nonexempt,판매운영원,비대상,여
2021,32284,Nonexempt,판매운영원,비대상,여
2021,32343,Nonexempt,판매운영원,비대상,여
2021,32516,Nonexempt,판매운영원,비대상,여
2021,32517,Nonexempt,판매운영원,비대상,여
2021,32542,Nonexempt,판매운영원,비대상,여
2021,39201,Contractor,판매운영원,비대상,여
2021,30051,Executive,Automotive사업부장,비대상,남
2021,31814,Manager,사업기획원,M,남
2021,31995,Manager,해외판매원,M,남
2021,32010,Manager,해외수급관리원,M,남
2021,32131,Manager,사업기획원,M,남
2021,32248,Manager,사업기획원,M,남
2021,32583,Manager,Automotive사업지원 Chapter CL,M,남
2021,32705,Exempt,사업기획원,M,남
2021,32872,Exempt,사업기획원,M,남
2021,31754,Manager,사업개발원,S,남
2021,32144,Manager,사업개발원,S,남
2021,32253,Manager,사업개발원,S,남
2021,32550,Manager,추후부여,비대상,여
2021,32574,Manager,사업개발원,S,남
2021,32593,Manager,Automotive사업개발 Chapter CL,S,남
2021,32849,Exempt,사업개발원,S,남
2021,32249,Manager,시장개발원,M,남
2021,32785,Manager,경량화 Solution확보 Squad PO,M,남
2021,31359,Manager,Automotive판매원,M,남
2021,31688,Manager,Automotive판매원,M,남
2021,31893,Exempt,Automotive영업 Chapter CL,M,남
2021,32143,Manager,추후부여,비대상,남
2021,32159,Manager,Automotive판매원,M,남
2021,32301,Manager,Automotive판매원,M,남
2021,32609,Exempt,Automotive판매원,M,남
2021,31831,Nonexempt,판매운영원,비대상,여
2021,32207,Nonexempt,판매운영원,비대상,여
2021,32337,Nonexempt,판매운영원,비대상,여
2021,32546,Nonexempt,판매운영원,비대상,여
2021,32586,Nonexempt,판매운영원,비대상,여
2021,32699,Nonexempt,판매운영원,비대상,여
2021,32148,Manager,사업기획원,M,남
2021,31285,Manager,시장개발원,M,남
2021,31330,Manager,시장개발원,M,남
2021,31860,Manager,시장개발원,M,남
2021,31917,Manager,Automotive시장개발 CL,M,남
2021,32276,Exempt,시장개발원,M,남
2021,32543,Manager,시장개발원,M,여
2021,32580,Manager,시장개발원,M,남
2021,32170,Manager,Polymer 판매원,M,남
2021,31797,Manager,중국마케팅실장 직무대행,M,남
2021,31753,Manager,COO,S,남
2021,39189,Contractor,SSNC CEO,S,남
2021,31209,Nonexempt,Shipping,비대상,남
2021,31585,Manager,KNC 대표,S,남
2021,32506,Manager,Accounting,S,남
2021,32507,Manager,SHE,비대상,남
2021,32590,Manager,Production Mgmt.,P,남
2021,30068,Executive,Aromatic사업부장,비대상,남
2021,31852,Nonexempt,판매운영원,비대상,여
2021,31892,Nonexempt,판매운영원,비대상,여
2021,31961,Nonexempt,판매운영원,비대상,여
2021,31964,Nonexempt,추후부여,비대상,여
2021,32147,Manager,Aromatic 사업지원 Chapter CL,M,남
2021,32183,Nonexempt,판매운영원,비대상,여
2021,32205,Manager,Middle Office 담당,M,남
2021,32281,Manager,사업지원담당,M,남
2021,32340,Nonexempt,판매운영원,비대상,여
2021,32605,Exempt,Middle Office 담당,M,남
2021,32706,Nonexempt,판매운영원,비대상,여
2021,31791,Manager,Aromatic Marketer,M,남
2021,32149,Manager,Aromatic Marketing1 Squad PO,M,남
2021,32430,Exempt,Account Marketer,M,남
2021,32681,Exempt,Account Marketer,M,여
2021,31969,Manager,Aromatic Marketing2 Squad PO,M,여
2021,32429,Exempt,Aromatic Marketer,M,남
2021,32527,Exempt,Account Marketer,M,남
2021,31810,Manager,Aromatic China Biz Squad PO,M,남
2021,31940,Manager,추후부여,비대상,남
2021,32111,Manager,Trader,M,남
2021,32438,Manager,Trader,M,남
2021,31900,Manager,동경법인장,M,남
2021,32174,Exempt,Polymer담당,M,남
2021,31494,Manager,Production Management Coordinator,P,남
2021,31608,Manager,UAC대표,S,남
2021,32452,Manager,UAC파견/Safety&Environment Team Leader,P,남
2021,32544,Manager,Planning & Coordination Coordinator,P,남
2021,32632,Manager,Management Support Team Leader,S,남
2021,30048,Executive,화학생산본부장,비대상,남
2021,31072,Manager,추후부여,비대상,남
2021,31199,Manager,추후부여,비대상,남
2021,31332,Nonexempt,추후부여,비대상,남
2021,31350,Nonexempt,추후부여,비대상,남
2021,31388,Nonexempt,추후부여,비대상,남
2021,31562,Nonexempt,추후부여,비대상,남
2021,31592,Nonexempt,추후부여,비대상,남
2021,31770,Nonexempt,추후부여,비대상,남
2021,31907,Nonexempt,추후부여,비대상,남
2021,32082,Nonexempt,추후부여,비대상,남
2021,32125,Nonexempt,추후부여,비대상,남
2021,32457,Manager,추후부여,비대상,남
2021,32589,Manager,생산기술기사,P,남
2021,32770,Nonexempt,추후부여,비대상,남
2021,32771,Nonexempt,추후부여,비대상,남
2021,32772,Nonexempt,추후부여,비대상,남
2021,32865,Exempt,추후부여,비대상,남
2021,32866,Nonexempt,추후부여,비대상,남
2021,32867,Nonexempt,추후부여,비대상,남
2021,31085,Manager,생산관리원,비대상,남
2021,31144,Manager,생산관리원,비대상,남
2021,31152,Manager,생산관리원,비대상,남
2021,31676,Nonexempt,생산관리원,비대상,남
2021,31738,Nonexempt,생산관리원,비대상,남
2021,32354,Nonexempt,생산관리원,비대상,남
2021,32368,Nonexempt,생산관리원,비대상,남
2021,32434,Manager,생산관리기사,P,남
2021,32456,Manager,생산관리기사,P,남
2021,32480,Exempt,생산관리기사,P,남
2021,32558,Exempt,생산관리기사,P,남
2021,32568,Manager,생산관리 PL,P,남
2021,32686,Exempt,생산관리기사,P,남
2021,32781,Nonexempt,사무운영원,비대상,여
2021,31052,Manager,실험총반장,비대상,남
2021,31161,Nonexempt,실험원,비대상,남
2021,31162,Nonexempt,실험원,비대상,남
2021,31163,Nonexempt,실험원,비대상,남
2021,31238,Nonexempt,실험교관,비대상,남
2021,31267,Nonexempt,실험교대반장,비대상,남
2021,31268,Nonexempt,실험교대반장,비대상,남
2021,31269,Nonexempt,실험교대반장,비대상,남
2021,31270,Nonexempt,실험원,비대상,남
2021,31299,Nonexempt,실험원,비대상,남
2021,31300,Nonexempt,실험원,비대상,남
2021,31314,Nonexempt,실험원,비대상,남
2021,31316,Nonexempt,실험교대반장,비대상,남
2021,31354,Nonexempt,실험교대반장,비대상,남
2021,31355,Manager,실험교관,비대상,남
2021,31371,Nonexempt,실험교대반장,비대상,남
2021,31372,Nonexempt,실험원,비대상,남
2021,31373,Nonexempt,실험원,비대상,남
2021,31374,Nonexempt,실험교대반장,비대상,남
2021,31375,Nonexempt,실험총반장,비대상,남
2021,31473,Nonexempt,실험원,비대상,남
2021,31487,Nonexempt,실험교대반장,비대상,남
2021,31488,Nonexempt,실험원,비대상,남
2021,31503,Nonexempt,실험원,비대상,남
2021,31504,Nonexempt,실험원,비대상,남
2021,31505,Nonexempt,실험원,비대상,남
2021,31506,Nonexempt,실험원,비대상,남
2021,31513,Nonexempt,실험원,비대상,남
2021,31514,Nonexempt,실험원,비대상,남
2021,31515,Nonexempt,실험원,비대상,남
2021,31548,Nonexempt,실험원,비대상,남
2021,31552,Nonexempt,실험원,비대상,남
2021,31724,Nonexempt,실험원,비대상,남
2021,31764,Nonexempt,실험원,비대상,남
2021,31765,Nonexempt,실험원,비대상,남
2021,31778,Nonexempt,실험원,비대상,남
2021,31779,Nonexempt,실험원,비대상,남
2021,31786,Nonexempt,실험원,비대상,남
2021,31787,Nonexempt,실험원,비대상,남
2021,31788,Nonexempt,실험원,비대상,남
2021,32201,Manager,품질관리 PL,P,여
2021,32362,Nonexempt,실험원,비대상,남
2021,32363,Nonexempt,실험원,비대상,남
2021,32366,Nonexempt,실험원,비대상,남
2021,32369,Nonexempt,실험원,비대상,남
2021,32380,Nonexempt,실험원,비대상,남
2021,32716,Nonexempt,실험원,비대상,남
2021,32788,Nonexempt,실험원,비대상,남
2021,32789,Nonexempt,실험원,비대상,남
2021,32790,Nonexempt,실험원,비대상,남
2021,32569,Manager,G Square Tech센터장,P,남
2021,30070,Executive,Polymer공장장,비대상,남
2021,31208,Nonexempt,안전·환경·보건관리원,비대상,남
2021,31768,Nonexempt,장치운전원,비대상,남
2021,32783,Nonexempt,사무운영원,비대상,여
2021,31080,Nonexempt,Polymer기술원,비대상,남
2021,31149,Manager,Polymer기술원,비대상,남
2021,31232,Nonexempt,Polymer기술원,비대상,남
2021,31246,Nonexempt,Polymer기술원,비대상,남
2021,31310,Nonexempt,Polymer기술원,비대상,남
2021,31444,Manager,Packaging & Automotive Tech PL,P,남
2021,31517,Nonexempt,Polymer기술원,비대상,남
2021,32162,Manager,생산기술기사,P,남
2021,32287,Nonexempt,Polymer기술원,비대상,남
2021,32439,Manager,생산기술기사,P,남
2021,32535,Manager,생산기술기사,P,남
2021,32559,Exempt,생산기술기사,P,남
2021,32563,Exempt,생산기술기사,P,남
2021,32587,Manager,공정기술기사,P,남
2021,32611,Exempt,생산기술기사,P,남
2021,32612,Exempt,생산기술기사,P,남
2021,32697,Exempt,생산기술기사,P,남
2021,32709,Exempt,생산기술기사,P,남
2021,32712,Manager,생산기술기사,P,남
2021,32754,Exempt,생산기술기사,P,여
2021,32755,Exempt,생산기술기사,P,남
2021,32863,Exempt,생산기술기사,P,남
2021,32864,Exempt,생산기술기사,P,여
2021,31133,Nonexempt,장치운전원,비대상,남
2021,31160,Nonexempt,장치운전원,비대상,남
2021,31206,Nonexempt,장치운전원,비대상,남
2021,31247,Nonexempt,장치운전원,비대상,남
2021,31248,Manager,HDPE총반장,비대상,남
2021,31249,Nonexempt,LLDPE교관,비대상,남
2021,31251,Nonexempt,장치운전원,비대상,남
2021,31252,Nonexempt,장치운전원,비대상,남
2021,31253,Nonexempt,HDPE교관,비대상,남
2021,31255,Nonexempt,장치운전원,비대상,남
2021,31262,Nonexempt,장치운전원,비대상,남
2021,31348,Nonexempt,장치운전원,비대상,남
2021,31410,Nonexempt,장치운전원,비대상,남
2021,31412,Nonexempt,LLDPE교대반장,비대상,남
2021,31413,Nonexempt,장치운전원,비대상,남
2021,31414,Nonexempt,HDPE교대반장,비대상,남
2021,31423,Nonexempt,HDPE교대반장,비대상,남
2021,31425,Nonexempt,장치운전원,비대상,남
2021,31427,Nonexempt,장치운전원,비대상,남
2021,31440,Nonexempt,장치운전원,비대상,남
2021,31441,Nonexempt,LLDPE총반장,비대상,남
2021,31549,Nonexempt,LLDPE교대반장,비대상,남
2021,31561,Nonexempt,장치운전원,비대상,남
2021,31663,Nonexempt,장치운전원,비대상,남
2021,31685,Nonexempt,LLDPE교대반장,비대상,남
2021,31686,Nonexempt,HDPE교대반장,비대상,남
2021,31687,Nonexempt,장치운전원,비대상,남
2021,31707,Nonexempt,장치운전원,비대상,남
2021,31727,Nonexempt,장치운전원,비대상,남
2021,31730,Nonexempt,장치운전원,비대상,남
2021,31731,Nonexempt,LLDPE교대반장,비대상,남
2021,31732,Nonexempt,장치운전원,비대상,남
2021,31733,Nonexempt,장치운전원,비대상,남
2021,31746,Manager,PE생산 PL,P,남
2021,31769,Nonexempt,장치운전원,비대상,남
2021,31782,Nonexempt,장치운전원,비대상,남
2021,31784,Nonexempt,HDPE교대반장,비대상,남
2021,31903,Nonexempt,장치운전원,비대상,남
2021,31904,Nonexempt,장치운전원,비대상,남
2021,31912,Nonexempt,장치운전원,비대상,남
2021,31913,Nonexempt,장치운전원,비대상,남
2021,31914,Nonexempt,장치운전원,비대상,남
2021,31916,Nonexempt,장치운전원,비대상,남
2021,32129,Nonexempt,장치운전원,비대상,남
2021,32216,Nonexempt,장치운전원,비대상,남
2021,32219,Nonexempt,장치운전원,비대상,남
2021,32239,Nonexempt,장치운전원,비대상,남
2021,32240,Nonexempt,장치운전원,비대상,남
2021,32244,Nonexempt,장치운전원,비대상,남
2021,32310,Nonexempt,장치운전원,비대상,남
2021,32321,Nonexempt,장치운전원,비대상,남
2021,32325,Nonexempt,장치운전원,비대상,남
2021,32370,Nonexempt,장치운전원,비대상,남
2021,32381,Nonexempt,장치운전원,비대상,남
2021,32597,Nonexempt,장치운전원,비대상,남
2021,32671,Nonexempt,장치운전원,비대상,남
2021,32672,Nonexempt,장치운전원,비대상,남
2021,32741,Nonexempt,장치운전원,비대상,남
2021,32742,Nonexempt,장치운전원,비대상,남
2021,32747,Nonexempt,장치운전원,비대상,남
2021,32825,Nonexempt,장치운전원,비대상,남
2021,32826,Nonexempt,장치운전원,비대상,남
2021,32827,Nonexempt,장치운전원,비대상,남
2021,32828,Nonexempt,장치운전원,비대상,남
2021,32829,Nonexempt,장치운전원,비대상,남
2021,31087,Nonexempt,장치운전원,비대상,남
2021,31094,Nonexempt,장치운전원,비대상,남
2021,31122,Nonexempt,PP총반장,비대상,남
2021,31256,Nonexempt,장치운전원,비대상,남
2021,31257,Nonexempt,장치운전원,비대상,남
2021,31260,Nonexempt,장치운전원,비대상,남
2021,31273,Nonexempt,장치운전원,비대상,남
2021,31274,Nonexempt,장치운전원,비대상,남
2021,31349,Nonexempt,장치운전원,비대상,남
2021,31380,Nonexempt,장치운전원,비대상,남
2021,31387,Nonexempt,장치운전원,비대상,남
2021,31393,Nonexempt,장치운전원,비대상,남
2021,31424,Nonexempt,PP교대반장,비대상,남
2021,31426,Nonexempt,장치운전원,비대상,남
2021,31430,Nonexempt,장치운전원,비대상,남
2021,31438,Nonexempt,장치운전원,비대상,남
2021,31439,Nonexempt,PP교대반장,비대상,남
2021,31442,Nonexempt,장치운전원,비대상,남
2021,31465,Nonexempt,PP교관,비대상,남
2021,31516,Nonexempt,장치운전원,비대상,남
2021,31574,Nonexempt,장치운전원,비대상,남
2021,31627,Nonexempt,PP교대반장,비대상,남
2021,31628,Nonexempt,장치운전원,비대상,남
2021,31665,Nonexempt,PP교대반장,비대상,남
2021,31667,Nonexempt,장치운전원,비대상,남
2021,31734,Nonexempt,장치운전원,비대상,남
2021,31737,Nonexempt,장치운전원,비대상,남
2021,31739,Nonexempt,장치운전원,비대상,남
2021,31740,Nonexempt,추후부여,비대상,남
2021,31899,Nonexempt,장치운전원,비대상,남
2021,32215,Nonexempt,장치운전원,비대상,남
2021,32224,Nonexempt,장치운전원,비대상,남
2021,32230,Nonexempt,장치운전원,비대상,남
2021,32237,Nonexempt,장치운전원,비대상,남
2021,32245,Nonexempt,장치운전원,비대상,남
2021,32306,Nonexempt,장치운전원,비대상,남
2021,32314,Nonexempt,장치운전원,비대상,남
2021,32588,Manager,PP생산 PL,P,남
2021,32673,Nonexempt,장치운전원,비대상,남
2021,32674,Nonexempt,장치운전원,비대상,남
2021,32744,Nonexempt,장치운전원,비대상,남
2021,32745,Nonexempt,장치운전원,비대상,남
2021,32746,Nonexempt,장치운전원,비대상,남
2021,32830,Nonexempt,장치운전원,비대상,남
2021,32831,Nonexempt,장치운전원,비대상,남
2021,32832,Nonexempt,장치운전원,비대상,남
2021,31069,Manager,생산관리원,비대상,남
2021,31078,Nonexempt,물류운전원,비대상,남
2021,31140,Nonexempt,생산관리원,비대상,남
2021,31297,Nonexempt,물류운전원,비대상,남
2021,31351,Nonexempt,물류운전원,비대상,남
2021,31353,Nonexempt,물류교관,비대상,남
2021,31394,Nonexempt,물류관리원,비대상,남
2021,31395,Nonexempt,물류운전원,비대상,남
2021,31447,Nonexempt,물류교대반장,비대상,남
2021,31483,Nonexempt,물류교대반장,비대상,남
2021,31485,Nonexempt,물류교대반장,비대상,남
2021,31518,Nonexempt,물류운전원,비대상,남
2021,31528,Nonexempt,물류운전원,비대상,남
2021,31536,Nonexempt,물류운전원,비대상,남
2021,31550,Nonexempt,생산관리원,비대상,남
2021,31568,Nonexempt,물류운전원,비대상,남
2021,31661,Nonexempt,물류운전원,비대상,남
2021,31725,Nonexempt,물류운전원,비대상,남
2021,31726,Nonexempt,물류총반장,비대상,남
2021,31766,Nonexempt,물류교대반장,비대상,남
2021,31781,Nonexempt,물류출하반장,비대상,남
2021,31783,Nonexempt,생산관리원,비대상,남
2021,31905,Nonexempt,물류운전원,비대상,남
2021,32126,Manager,Polymer운영 PL,P,남
2021,32238,Nonexempt,물류운전원,비대상,남
2021,32261,Exempt,Polymer생산관리기사,P,남
2021,32630,Nonexempt,통관원,비대상,남
2021,32710,Nonexempt,출하운영원,비대상,여
2021,32743,Nonexempt,물류운전원,비대상,남
2021,32833,Nonexempt,물류운전원,비대상,남
2021,32834,Nonexempt,생산관리원,비대상,남
2021,32835,Nonexempt,물류운전원,비대상,남
2021,31138,Nonexempt,NDP운영반장,비대상,남
2021,31254,Nonexempt,장치운전원,비대상,남
2021,31315,Nonexempt,장치운전원,비대상,남
2021,31352,Nonexempt,장치운전원,비대상,남
2021,31383,Nonexempt,장치운전원,비대상,남
2021,31512,Nonexempt,장치운전원,비대상,남
2021,31666,Nonexempt,장치운전원,비대상,남
2021,31684,Nonexempt,장치운전원,비대상,남
2021,31728,Nonexempt,장치운전원,비대상,남
2021,31911,Nonexempt,장치운전원,비대상,남
2021,31915,Nonexempt,장치운전원,비대상,남
2021,31123,Nonexempt,Nexlene총반장 인수인계,비대상,남
2021,31234,Nonexempt,Nexlene교대반장,비대상,남
2021,31258,Nonexempt,Nexlene교대반장,비대상,남
2021,31259,Nonexempt,Nexlene총반장,비대상,남
2021,31401,Nonexempt,Nexlene교대반장,비대상,남
2021,31435,Nonexempt,장치운전원,비대상,남
2021,31437,Nonexempt,Nexlene교대반장,비대상,남
2021,31484,Nonexempt,장치운전원,비대상,남
2021,31577,Nonexempt,장치운전원,비대상,남
2021,31578,Nonexempt,장치운전원,비대상,남
2021,31629,Nonexempt,장치운전원,비대상,남
2021,31664,Nonexempt,장치운전원,비대상,남
2021,31729,Nonexempt,장치운전원,비대상,남
2021,31735,Nonexempt,물류운전원,비대상,남
2021,31736,Nonexempt,장치운전원,비대상,남
2021,31767,Nonexempt,장치운전원,비대상,남
2021,31882,Nonexempt,장치운전원,비대상,남
2021,31906,Nonexempt,장치운전원,비대상,남
2021,31908,Nonexempt,장치운전원,비대상,남
2021,31910,Nonexempt,장치운전원,비대상,남
2021,32169,Nonexempt,장치운전원,비대상,남
2021,32211,Nonexempt,장치운전원,비대상,남
2021,32218,Nonexempt,장치운전원,비대상,남
2021,32241,Nonexempt,장치운전원,비대상,남
2021,32254,Nonexempt,Nexlene교관,비대상,남
2021,32255,Nonexempt,장치운전원,비대상,남
2021,32256,Nonexempt,장치운전원,비대상,남
2021,32257,Nonexempt,장치운전원,비대상,남
2021,32302,Nonexempt,장치운전원,비대상,남
2021,32502,Manager,Nexlene생산 PL,P,남
2021,32727,Nonexempt,장치운전원,비대상,남
2021,32728,Nonexempt,장치운전원,비대상,남
2021,32729,Nonexempt,장치운전원,비대상,남
2021,32730,Nonexempt,장치운전원,비대상,남
2021,32731,Nonexempt,장치운전원,비대상,남
2021,32836,Nonexempt,장치운전원,비대상,남
2021,32837,Nonexempt,장치운전원,비대상,남
2021,32522,Manager,닝보EPDM총경리,P,남
2021,30066,Executive,Olefin공장장,비대상,남
2021,31225,Nonexempt,장치운전원,비대상,남
2021,31646,Nonexempt,안전·환경·보건관리원,비대상,남
2021,32780,Nonexempt,사무운영원,비대상,여
2021,31177,Nonexempt,Olefin기술원,비대상,남
2021,31934,Manager,생산기술기사,P,남
2021,31987,Nonexempt,Olefin기술원,비대상,남
2021,32437,Manager,Basic Chemical Tech 1 PL,P,남
2021,32455,Manager,생산기술기사,P,남
2021,32467,Manager,Olefin기술원,비대상,남
2021,32533,Exempt,생산기술기사,P,남
2021,32603,Exempt,생산기술기사,P,남
2021,32694,Exempt,생산기술기사,P,남
2021,32695,Exempt,생산기술기사,P,남
2021,32708,Exempt,생산기술기사,P,남
2021,32843,Exempt,생산기술기사,P,남
2021,32858,Exempt,생산기술기사,P,남
2021,32859,Exempt,생산기술기사,P,여
2021,31099,Nonexempt,장치운전원,비대상,남
2021,31141,Nonexempt,장치운전원,비대상,남
2021,31148,Nonexempt,장치운전원,비대상,남
2021,31150,Nonexempt,장치운전원,비대상,남
2021,31223,Nonexempt,장치운전원,비대상,남
2021,31302,Nonexempt,Olefin총반장,비대상,남
2021,31304,Nonexempt,장치운전원,비대상,남
2021,31305,Nonexempt,장치운전원,비대상,남
2021,31319,Nonexempt,장치운전원,비대상,남
2021,31329,Nonexempt,장치운전원,비대상,남
2021,31341,Nonexempt,장치운전원,비대상,남
2021,31342,Nonexempt,장치운전원,비대상,남
2021,31404,Nonexempt,장치운전원,비대상,남
2021,31405,Nonexempt,Olefin교대반장,비대상,남
2021,31420,Nonexempt,장치운전원,비대상,남
2021,31452,Nonexempt,장치운전원,비대상,남
2021,31551,Nonexempt,장치운전원,비대상,남
2021,31553,Nonexempt,Olefin교대반장,비대상,남
2021,31570,Nonexempt,Olefin교대반장,비대상,남
2021,31594,Nonexempt,Olefin교대반장,비대상,남
2021,31616,Nonexempt,장치운전원,비대상,남
2021,31618,Nonexempt,장치운전원,비대상,남
2021,31622,Nonexempt,장치운전원,비대상,남
2021,31642,Nonexempt,장치운전원,비대상,남
2021,31643,Nonexempt,장치운전원,비대상,남
2021,31671,Nonexempt,장치운전원,비대상,남
2021,31673,Nonexempt,Olefin교관,비대상,남
2021,31677,Nonexempt,장치운전원,비대상,남
2021,31719,Nonexempt,장치운전원,비대상,남
2021,31985,Nonexempt,장치운전원,비대상,남
2021,31986,Nonexempt,장치운전원,비대상,남
2021,31991,Nonexempt,장치운전원,비대상,남
2021,32034,Nonexempt,추후부여,비대상,남
2021,32225,Nonexempt,장치운전원,비대상,남
2021,32311,Nonexempt,장치운전원,비대상,남
2021,32360,Nonexempt,장치운전원,비대상,남
2021,32453,Manager,Olefin생산1 PL,P,남
2021,32732,Nonexempt,장치운전원,비대상,남
2021,32793,Nonexempt,장치운전원,비대상,남
2021,32795,Nonexempt,장치운전원,비대상,남
2021,31088,Manager,Olefin교관 인수인계,비대상,남
2021,31135,Nonexempt,Global지원담당,비대상,남
2021,31137,Nonexempt,Olefin총반장,비대상,남
2021,31139,Nonexempt,Olefin총반장 인수인계,비대상,남
2021,31145,Nonexempt,장치운전원,비대상,남
2021,31147,Nonexempt,Global지원담당,비대상,남
2021,31215,Nonexempt,장치운전원,비대상,남
2021,31222,Nonexempt,장치운전원,비대상,남
2021,31227,Nonexempt,장치운전원,비대상,남
2021,31231,Nonexempt,장치운전원,비대상,남
2021,31326,Nonexempt,장치운전원,비대상,남
2021,31379,Nonexempt,장치운전원,비대상,남
2021,31421,Nonexempt,Olefin교대반장,비대상,남
2021,31451,Nonexempt,장치운전원,비대상,남
2021,31454,Nonexempt,Olefin교대반장,비대상,남
2021,31457,Nonexempt,장치운전원,비대상,남
2021,31521,Nonexempt,장치운전원,비대상,남
2021,31524,Nonexempt,장치운전원,비대상,남
2021,31532,Nonexempt,장치운전원,비대상,남
2021,31582,Nonexempt,장치운전원,비대상,남
2021,31590,Nonexempt,장치운전원,비대상,남
2021,31591,Nonexempt,장치운전원,비대상,남
2021,31637,Nonexempt,Olefin교대반장,비대상,남
2021,31647,Nonexempt,Olefin교관,비대상,남
2021,31648,Nonexempt,장치운전원,비대상,남
2021,31680,Nonexempt,Olefin교대반장,비대상,남
2021,31785,Nonexempt,장치운전원,비대상,남
2021,31876,Nonexempt,장치운전원,비대상,남
2021,31878,Nonexempt,장치운전원,비대상,남
2021,31880,Nonexempt,장치운전원,비대상,남
2021,31901,Nonexempt,장치운전원,비대상,남
2021,31942,Nonexempt,장치운전원,비대상,남
2021,31943,Nonexempt,장치운전원,비대상,남
2021,31988,Nonexempt,장치운전원,비대상,남
2021,32212,Nonexempt,장치운전원,비대상,남
2021,32262,Manager,Olefin생산2 PL,P,남
2021,32356,Nonexempt,장치운전원,비대상,남
2021,32361,Nonexempt,장치운전원,비대상,남
2021,32364,Nonexempt,장치운전원,비대상,남
2021,32367,Nonexempt,장치운전원,비대상,남
2021,32371,Nonexempt,장치운전원,비대상,남
2021,32376,Nonexempt,장치운전원,비대상,남
2021,32659,Nonexempt,장치운전원,비대상,남
2021,32733,Nonexempt,장치운전원,비대상,남
2021,32734,Nonexempt,장치운전원,비대상,남
2021,32735,Nonexempt,장치운전원,비대상,남
2021,32797,Nonexempt,장치운전원,비대상,남
2021,32798,Nonexempt,장치운전원,비대상,남
2021,32799,Nonexempt,장치운전원,비대상,남
2021,32800,Nonexempt,장치운전원,비대상,남
2021,32801,Nonexempt,장치운전원,비대상,남
2021,32802,Nonexempt,장치운전원,비대상,남
2021,31097,Nonexempt,Olefin총반장,비대상,남
2021,31153,Nonexempt,장치운전원,비대상,남
2021,31154,Nonexempt,장치운전원,비대상,남
2021,31210,Nonexempt,Olefin교관,비대상,남
2021,31224,Nonexempt,장치운전원,비대상,남
2021,31230,Nonexempt,장치운전원,비대상,남
2021,31306,Nonexempt,장치운전원,비대상,남
2021,31309,Nonexempt,Olefin교관,비대상,남
2021,31321,Nonexempt,Olefin총반장,비대상,남
2021,31322,Nonexempt,장치운전원,비대상,남
2021,31327,Nonexempt,Olefin교대반장,비대상,남
2021,31377,Nonexempt,Olefin교대반장,비대상,남
2021,31400,Nonexempt,장치운전원,비대상,남
2021,31415,Nonexempt,장치운전원,비대상,남
2021,31456,Nonexempt,장치운전원,비대상,남
2021,31486,Nonexempt,저장·출하운영원,비대상,남
2021,31522,Nonexempt,Olefin교대반장,비대상,남
2021,31541,Nonexempt,장치운전원,비대상,남
2021,31542,Nonexempt,장치운전원,비대상,남
2021,31557,Nonexempt,장치운전원,비대상,남
2021,31569,Nonexempt,Olefin교대반장,비대상,남
2021,31579,Nonexempt,장치운전원,비대상,남
2021,31615,Nonexempt,Olefin교대반장,비대상,남
2021,31621,Nonexempt,장치운전원,비대상,남
2021,31631,Nonexempt,장치운전원,비대상,남
2021,31641,Nonexempt,장치운전원,비대상,남
2021,31649,Nonexempt,Olefin교대반장,비대상,남
2021,31652,Nonexempt,Olefin교대반장,비대상,남
2021,31670,Nonexempt,장치운전원,비대상,남
2021,31679,Nonexempt,장치운전원,비대상,남
2021,31682,Nonexempt,Olefin교대반장,비대상,남
2021,31683,Nonexempt,장치운전원,비대상,남
2021,31697,Nonexempt,장치운전원,비대상,남
2021,31774,Nonexempt,저장·출하운영원,비대상,남
2021,31775,Nonexempt,장치운전원,비대상,남
2021,31776,Nonexempt,저장·출하운영반장,비대상,남
2021,31777,Nonexempt,장치운전원,비대상,남
2021,31874,Nonexempt,장치운전원,비대상,남
2021,31879,Nonexempt,장치운전원,비대상,남
2021,31881,Nonexempt,장치운전원,비대상,남
2021,31941,Nonexempt,장치운전원,비대상,남
2021,31945,Nonexempt,장치운전원,비대상,남
2021,32316,Nonexempt,장치운전원,비대상,남
2021,32320,Nonexempt,저장·출하운영원,비대상,남
2021,32329,Nonexempt,장치운전원,비대상,남
2021,32355,Nonexempt,장치운전원,비대상,남
2021,32357,Nonexempt,장치운전원,비대상,남
2021,32358,Nonexempt,장치운전원,비대상,남
2021,32382,Nonexempt,장치운전원,비대상,남
2021,32397,Nonexempt,장치운전원,비대상,남
2021,32485,Manager,Olefin생산3 PL,P,남
2021,32660,Nonexempt,장치운전원,비대상,남
2021,32661,Nonexempt,장치운전원,비대상,남
2021,32736,Nonexempt,장치운전원,비대상,남
2021,32737,Nonexempt,장치운전원,비대상,남
2021,32791,Nonexempt,장치운전원,비대상,남
2021,32792,Nonexempt,장치운전원,비대상,남
2021,32796,Nonexempt,장치운전원,비대상,남
2021,32803,Nonexempt,장치운전원,비대상,남
2021,32804,Nonexempt,장치운전원,비대상,남
2021,32805,Nonexempt,장치운전원,비대상,남
2021,32806,Nonexempt,장치운전원,비대상,남
2021,32807,Nonexempt,장치운전원,비대상,남
2021,32808,Nonexempt,장치운전원,비대상,남
2021,31090,Nonexempt,저유운전원,비대상,남
2021,31214,Nonexempt,장치운전원,비대상,남
2021,31263,Manager,Olefin교관,비대상,남
2021,31265,Nonexempt,운영교대반장,비대상,남
2021,31266,Nonexempt,NCC운영반장,비대상,남
2021,31295,Nonexempt,장치운전원,비대상,남
2021,31296,Nonexempt,장치운전원,비대상,남
2021,31303,Nonexempt,Olefin총반장,비대상,남
2021,31307,Nonexempt,장치운전원,비대상,남
2021,31317,Nonexempt,저유운전원,비대상,남
2021,31318,Nonexempt,장치운전원,비대상,남
2021,31320,Nonexempt,장치운전원,비대상,남
2021,31323,Nonexempt,저유운전원,비대상,남
2021,31324,Nonexempt,저유운전원,비대상,남
2021,31325,Nonexempt,운영총반장,비대상,남
2021,31384,Nonexempt,Olefin교대반장,비대상,남
2021,31385,Nonexempt,장치운전원,비대상,남
2021,31386,Manager,운영교관,비대상,남
2021,31409,Nonexempt,저유운전원,비대상,남
2021,31431,Nonexempt,저유운전원,비대상,남
2021,31461,Nonexempt,장치운전원,비대상,남
2021,31462,Nonexempt,운영교대반장,비대상,남
2021,31463,Nonexempt,저유운전원,비대상,남
2021,31558,Nonexempt,저유운전원,비대상,남
2021,31559,Nonexempt,운영교대반장,비대상,남
2021,31560,Nonexempt,장치운전원,비대상,남
2021,31575,Nonexempt,장치운전원,비대상,남
2021,31576,Nonexempt,장치운전원,비대상,남
2021,31581,Nonexempt,Olefin교대반장,비대상,남
2021,31593,Nonexempt,저유운전원,비대상,남
2021,31614,Nonexempt,저유운전원,비대상,남
2021,31617,Nonexempt,Olefin교대반장,비대상,남
2021,31620,Nonexempt,장치운전원,비대상,남
2021,31630,Nonexempt,운영교대반장,비대상,남
2021,31639,Nonexempt,장치운전원,비대상,남
2021,31640,Nonexempt,저유운전원,비대상,남
2021,31675,Nonexempt,Olefin교대반장,비대상,남
2021,31718,Nonexempt,장치운전원,비대상,남
2021,31773,Nonexempt,장치운전원,비대상,남
2021,31780,Nonexempt,저유운전원,비대상,남
2021,31883,Nonexempt,장치운전원,비대상,남
2021,32209,Nonexempt,저유운전원,비대상,남
2021,32226,Nonexempt,저유운전원,비대상,남
2021,32231,Nonexempt,장치운전원,비대상,남
2021,32339,Manager,PC생산·출하 PL,P,남
2021,32351,Nonexempt,장치운전원,비대상,남
2021,32352,Nonexempt,장치운전원,비대상,남
2021,32353,Nonexempt,장치운전원,비대상,남
2021,32365,Nonexempt,저유운전원,비대상,남
2021,32375,Nonexempt,장치운전원,비대상,남
2021,32379,Nonexempt,저유운전원,비대상,남
2021,32662,Nonexempt,장치운전원,비대상,남
2021,32663,Nonexempt,저유운전원,비대상,남
2021,32664,Nonexempt,저유운전원,비대상,남
2021,32738,Nonexempt,저유운전원,비대상,남
2021,32739,Nonexempt,저유운전원,비대상,남
2021,32740,Nonexempt,저유운전원,비대상,남
2021,32756,Nonexempt,장치운전원,비대상,남
2021,32794,Nonexempt,저유운전원,비대상,남
2021,32809,Nonexempt,장치운전원,비대상,남
2021,32810,Nonexempt,장치운전원,비대상,남
2021,32811,Nonexempt,저유운전원,비대상,남
2021,32812,Nonexempt,저유운전원,비대상,남
2021,30056,Executive,Aromatic공장장,비대상,남
2021,31081,Nonexempt,생산관리원,비대상,남
2021,32062,Manager,안전·환경·보건관리원,비대상,남
2021,32782,Nonexempt,사무운영원,비대상,여
2021,32046,Manager,생산기술기사,P,남
2021,32417,Exempt,생산기술기사,P,남
2021,32425,Manager,생산기술기사,P,남
2021,32471,Manager,Basic Chemical Tech 2 PL,P,남
2021,32474,Manager,생산기술기사,P,남
2021,32475,Manager,생산기술기사,P,남
2021,32614,Exempt,생산기술기사,P,남
2021,32698,Exempt,생산기술기사,P,남
2021,32860,Exempt,생산기술기사,P,남
2021,32861,Exempt,생산기술기사,P,남
2021,32862,Exempt,생산기술기사,P,여
2021,31126,Nonexempt,Aromatic총반장 인수인계,비대상,남
2021,31205,Nonexempt,장치운전원,비대상,남
2021,31212,Nonexempt,장치운전원,비대상,남
2021,31219,Nonexempt,장치운전원,비대상,남
2021,31221,Nonexempt,Aromatic교관 인수인계,비대상,남
2021,31311,Nonexempt,장치운전원,비대상,남
2021,31343,Nonexempt,장치운전원,비대상,남
2021,31344,Nonexempt,장치운전원,비대상,남
2021,31346,Nonexempt,Aromatic교대반장,비대상,남
2021,31382,Nonexempt,장치운전원,비대상,남
2021,31399,Nonexempt,장치운전원,비대상,남
2021,31407,Nonexempt,장치운전원,비대상,남
2021,31422,Nonexempt,장치운전원,비대상,남
2021,31460,Nonexempt,장치운전원,비대상,남
2021,31464,Nonexempt,장치운전원,비대상,남
2021,31475,Nonexempt,장치운전원,비대상,남
2021,31476,Nonexempt,장치운전원,비대상,남
2021,31530,Nonexempt,장치운전원,비대상,남
2021,31580,Nonexempt,Aromatic총반장,비대상,남
2021,31624,Nonexempt,장치운전원,비대상,남
2021,31632,Nonexempt,Aromatic교대반장,비대상,남
2021,31635,Nonexempt,Aromatic교관,비대상,남
2021,31653,Nonexempt,장치운전원,비대상,남
2021,31654,Nonexempt,Aromatic교대반장,비대상,남
2021,31655,Nonexempt,장치운전원,비대상,남
2021,31658,Nonexempt,장치운전원,비대상,남
2021,31660,Nonexempt,Aromatic교대반장,비대상,남
2021,31720,Nonexempt,장치운전원,비대상,남
2021,31763,Nonexempt,장치운전원,비대상,남
2021,31875,Nonexempt,장치운전원,비대상,남
2021,31885,Nonexempt,장치운전원,비대상,남
2021,31886,Nonexempt,장치운전원,비대상,남
2021,31887,Nonexempt,장치운전원,비대상,남
2021,32210,Nonexempt,장치운전원,비대상,남
2021,32220,Nonexempt,장치운전원,비대상,남
2021,32246,Nonexempt,장치운전원,비대상,남
2021,32251,Manager,Aromatic생산1 PL,P,남
2021,32372,Nonexempt,장치운전원,비대상,남
2021,32374,Nonexempt,장치운전원,비대상,남
2021,32665,Nonexempt,장치운전원,비대상,남
2021,32666,Nonexempt,장치운전원,비대상,남
2021,32667,Nonexempt,장치운전원,비대상,남
2021,32668,Nonexempt,장치운전원,비대상,남
2021,32717,Nonexempt,장치운전원,비대상,남
2021,32718,Nonexempt,장치운전원,비대상,남
2021,32719,Nonexempt,장치운전원,비대상,남
2021,32720,Nonexempt,장치운전원,비대상,남
2021,32721,Nonexempt,장치운전원,비대상,남
2021,32757,Nonexempt,장치운전원,비대상,남
2021,32813,Nonexempt,장치운전원,비대상,남
2021,32814,Nonexempt,장치운전원,비대상,남
2021,32815,Nonexempt,장치운전원,비대상,남
2021,32816,Nonexempt,장치운전원,비대상,남
2021,31124,Nonexempt,장치운전원,비대상,남
2021,31132,Nonexempt,장치운전원,비대상,남
2021,31134,Nonexempt,장치운전원,비대상,남
2021,31157,Nonexempt,장치운전원,비대상,남
2021,31229,Nonexempt,Aromatic총반장,비대상,남
2021,31308,Nonexempt,장치운전원,비대상,남
2021,31312,Nonexempt,장치운전원,비대상,남
2021,31328,Nonexempt,장치운전원,비대상,남
2021,31364,Nonexempt,장치운전원,비대상,남
2021,31397,Nonexempt,장치운전원,비대상,남
2021,31398,Nonexempt,장치운전원,비대상,남
2021,31402,Nonexempt,장치운전원,비대상,남
2021,31408,Nonexempt,Aromatic교대반장,비대상,남
2021,31429,Nonexempt,Aromatic교대반장,비대상,남
2021,31446,Nonexempt,장치운전원,비대상,남
2021,31455,Nonexempt,장치운전원,비대상,남
2021,31459,Nonexempt,장치운전원,비대상,남
2021,31529,Nonexempt,장치운전원,비대상,남
2021,31533,Nonexempt,장치운전원,비대상,남
2021,31537,Nonexempt,장치운전원,비대상,남
2021,31571,Nonexempt,Aromatic교관,비대상,남
2021,31572,Nonexempt,장치운전원,비대상,남
2021,31598,Nonexempt,장치운전원,비대상,남
2021,31644,Nonexempt,장치운전원,비대상,남
2021,31672,Nonexempt,장치운전원,비대상,남
2021,31678,Nonexempt,Aromatic교대반장,비대상,남
2021,31698,Nonexempt,장치운전원,비대상,남
2021,31721,Nonexempt,장치운전원,비대상,남
2021,31722,Nonexempt,Aromatic교대반장,비대상,남
2021,31723,Nonexempt,장치운전원,비대상,남
2021,31890,Nonexempt,장치운전원,비대상,남
2021,31894,Nonexempt,장치운전원,비대상,남
2021,31896,Nonexempt,장치운전원,비대상,남
2021,31897,Nonexempt,장치운전원,비대상,남
2021,31989,Nonexempt,장치운전원,비대상,남
2021,31990,Nonexempt,장치운전원,비대상,남
2021,31992,Nonexempt,장치운전원,비대상,남
2021,32020,Nonexempt,장치운전원,비대상,남
2021,32217,Nonexempt,장치운전원,비대상,남
2021,32228,Nonexempt,장치운전원,비대상,남
2021,32235,Nonexempt,장치운전원,비대상,남
2021,32327,Nonexempt,장치운전원,비대상,남
2021,32378,Nonexempt,장치운전원,비대상,남
2021,32675,Nonexempt,장치운전원,비대상,남
2021,32726,Nonexempt,장치운전원,비대상,남
2021,32784,Manager,Aromatic생산2 Unit PL,P,남
2021,32817,Nonexempt,장치운전원,비대상,남
2021,32818,Nonexempt,장치운전원,비대상,남
2021,32026,Nonexempt,장치운전원,비대상,남
2021,32032,Manager,Aromatic총반장,비대상,남
2021,32039,Nonexempt,장치운전원,비대상,남
2021,32040,Nonexempt,Aromatic교대반장,비대상,남
2021,32041,Nonexempt,Aromatic교관,비대상,남
2021,32042,Nonexempt,장치운전원,비대상,남
2021,32043,Nonexempt,장치운전원,비대상,남
2021,32044,Nonexempt,장치운전원,비대상,남
2021,32045,Nonexempt,장치운전원,비대상,남
2021,32053,Nonexempt,장치운전원,비대상,남
2021,32054,Nonexempt,장치운전원,비대상,남
2021,32055,Nonexempt,장치운전원,비대상,남
2021,32056,Nonexempt,장치운전원,비대상,남
2021,32061,Nonexempt,장치운전원,비대상,남
2021,32063,Nonexempt,장치운전원,비대상,남
2021,32064,Nonexempt,장치운전원,비대상,남
2021,32068,Nonexempt,장치운전원,비대상,남
2021,32074,Nonexempt,장치운전원,비대상,남
2021,32088,Nonexempt,Aromatic교대반장,비대상,남
2021,32093,Nonexempt,Aromatic교대반장,비대상,남
2021,32094,Nonexempt,장치운전원,비대상,남
2021,32095,Nonexempt,장치운전원,비대상,남
2021,32096,Nonexempt,장치운전원,비대상,남
2021,32098,Nonexempt,Aromatic교대반장,비대상,남
2021,32104,Nonexempt,장치운전원,비대상,남
2021,32105,Nonexempt,장치운전원,비대상,남
2021,32243,Nonexempt,장치운전원,비대상,남
2021,32377,Nonexempt,장치운전원,비대상,남
2021,32669,Nonexempt,장치운전원,비대상,남
2021,32670,Nonexempt,장치운전원,비대상,남
2021,32688,Manager,Aromatic생산3 PL,P,남
2021,32722,Nonexempt,장치운전원,비대상,남
2021,32723,Nonexempt,장치운전원,비대상,남
2021,32819,Nonexempt,장치운전원,비대상,남
2021,32820,Nonexempt,장치운전원,비대상,남
2021,32821,Nonexempt,장치운전원,비대상,남
2021,32822,Nonexempt,장치운전원,비대상,남
2021,31082,Nonexempt,저장·출하운영원,비대상,남
2021,31086,Nonexempt,장치운전원,비대상,남
2021,31127,Nonexempt,장치운전원,비대상,남
2021,31217,Nonexempt,장치운전원,비대상,남
2021,31218,Nonexempt,Aromatic교관,비대상,남
2021,31220,Nonexempt,장치운전원,비대상,남
2021,31233,Nonexempt,Aromatic총반장,비대상,남
2021,31345,Nonexempt,장치운전원,비대상,남
2021,31347,Nonexempt,장치운전원,비대상,남
2021,31406,Nonexempt,장치운전원,비대상,남
2021,31453,Nonexempt,Aromatic교대반장,비대상,남
2021,31458,Nonexempt,장치운전원,비대상,남
2021,31540,Nonexempt,장치운전원,비대상,남
2021,31563,Nonexempt,Aromatic교대반장,비대상,남
2021,31566,Nonexempt,장치운전원,비대상,남
2021,31619,Nonexempt,장치운전원,비대상,남
2021,31626,Nonexempt,장치운전원,비대상,남
2021,31645,Nonexempt,장치운전원,비대상,남
2021,31651,Nonexempt,장치운전원,비대상,남
2021,31656,Nonexempt,장치운전원,비대상,남
2021,31659,Nonexempt,Aromatic교대반장,비대상,남
2021,31674,Nonexempt,장치운전원,비대상,남
2021,31877,Nonexempt,장치운전원,비대상,남
2021,31895,Nonexempt,장치운전원,비대상,남
2021,32025,Nonexempt,장치운전원,비대상,남
2021,32033,Nonexempt,장치운전원,비대상,남
2021,32057,Nonexempt,Aromatic교대반장,비대상,남
2021,32089,Nonexempt,장치운전원,비대상,남
2021,32097,Nonexempt,장치운전원,비대상,남
2021,32213,Nonexempt,장치운전원,비대상,남
2021,32222,Nonexempt,장치운전원,비대상,남
2021,32223,Nonexempt,장치운전원,비대상,남
2021,32233,Nonexempt,장치운전원,비대상,남
2021,32265,Nonexempt,장치운전원,비대상,남
2021,32309,Nonexempt,장치운전원,비대상,남
2021,32318,Nonexempt,장치운전원,비대상,남
2021,32470,Manager,Aromatic생산4 PL,P,남
2021,32724,Nonexempt,장치운전원,비대상,남
2021,32725,Nonexempt,장치운전원,비대상,남
2021,32823,Nonexempt,장치운전원,비대상,남
2021,32824,Nonexempt,장치운전원,비대상,남
2021,32486,Manager,Green Tech Squad PO,P,남
2021,32531,Exempt,생산기술기사,P,남
2021,32841,Manager,MR/CR담당 생산기술기사,P,남
2021,30072,Executive,화학설비실장,비대상,남
2021,31089,Manager,안전관리원,비대상,남
2021,31909,Nonexempt,환경관리원,비대상,남
2021,32052,Manager,환경관리원,비대상,남
2021,32081,Manager,안전관리원,비대상,남
2021,32103,Nonexempt,간호사,비대상,여
2021,32232,Nonexempt,안전관리원,비대상,남
2021,32308,Nonexempt,환경관리원,비대상,남
2021,32629,Nonexempt,안전관리원,비대상,남
2021,32787,Nonexempt,환경관리원,비대상,남
2021,32874,Nonexempt,안전관리원,비대상,남
2021,32875,Nonexempt,안전관리원,비대상,남
2021,39192,Contractor,산업간호사,비대상,여
2021,31155,Nonexempt,Polymer기술원,비대상,남
2021,31443,Nonexempt,Polymer기술원,비대상,남
2021,32258,Nonexempt,Polymer기술원,비대상,남
2021,32290,Manager,생산기술기사,P,남
2021,32296,Exempt,생산기술기사,P,남
2021,32488,Manager,생산기술기사,P,남
2021,32495,Manager,생산기술기사,P,남
2021,32707,Manager,Project기사,P,남
2021,32870,Exempt,생산기술기사,P,남
2021,39193,Contractor,교육·훈련생,비대상,남
2021,39194,Contractor,교육·훈련생,비대상,남
2021,39195,Contractor,교육·훈련생,비대상,남
2021,39196,Contractor,교육·훈련생,비대상,남
2021,39197,Contractor,교육·훈련생,비대상,남
2021,39198,Contractor,교육·훈련생,비대상,남
2021,39199,Contractor,교육·훈련생,비대상,남
2021,39200,Contractor,교육·훈련생,비대상,남
2021,32460,Manager,경쟁력강화 담당,P,남
2021,32564,Exempt,전략투자 담당,P,남
2021,32628,Manager,Agile Task 담당,P,남
2021,32687,Manager,Tech & Value-Up Squad PO,P,남
2021,32462,Manager,SHE Compliance Squad PO,P,남
2021,32479,Exempt,통합인허가 담당,P,여
2021,32481,Exempt,추후부여,비대상,남
2021,32613,Exempt,통합인허가 담당,P,남
2021,32616,Exempt,통합인허가 담당,P,남
2021,30058,Executive,전략본부장,비대상,남
2021,32421,Manager,추후부여,비대상,남
2021,32685,Manager,추후부여,비대상,남
2021,32715,Manager,법무원,S,남
2021,32749,Manager,법무원/변호사,S,여
2021,32871,Manager,SKGC Legal PL,S,남
2021,32873,Manager,법무원/변호사,S,남
2021,39103,Contractor,법무원/외국변호사,S,남
2021,39134,Contractor,법무원/외국변호사,S,여
2021,31745,Manager,화학물질/SHE 정책 대응 담당,S,남
2021,32449,Manager,Product Stewardship 담당,S,남
2021,32537,Manager,제품 사규 및 Audit 담당,S,남
2021,32779,Manager,Product Stewardship 담당,S,여
2021,31838,Manager,경영기획실장,S,남
2021,31109,Manager,기획관리원,S,남
2021,31955,Manager,기획관리원,S,남
2021,31960,Manager,기획관리원,S,남
2021,32518,Manager,기획관리원,S,남
2021,32748,Manager,전략기획 PL,S,남
2021,32751,Manager,기획관리원,S,남
2021,32774,Exempt,기획관리원,S,남
2021,32778,Manager,기획관리원,S,여
2021,31835,Nonexempt,기획운영원,비대상,여
2021,31972,Manager,기획관리원,S,여
2021,31975,Manager,기획관리원,S,여
2021,32260,Manager,추후부여,비대상,여
2021,32556,Exempt,기획관리원,S,여
2021,32615,Exempt,기획관리원,S,남
2021,32620,Manager,기획관리원,S,남
2021,32624,Manager,DBL개선 PL,S,남
2021,32637,Nonexempt,신용관리운영원,비대상,여
2021,32682,Exempt,기획관리원,S,남
2021,32752,Exempt,기획관리원,S,남
2021,32853,Nonexempt,신용관리운영원,비대상,여
2021,32856,Exempt,기획관리원,S,여
2021,32857,Exempt,기획관리원,S,여
2021,31358,Manager,동반성장추진 PL,S,남
2021,31957,Manager,동반성장기획원,S,남
2021,32185,Manager,기획관리원,S,남
2021,32259,Manager,기획관리원,S,여
2021,32677,Manager,Project지원 PL,S,남
2021,32850,Exempt,기획관리원,S,남
2021,32851,Manager,기획관리원,S,여
2021,31798,Manager,TF PL,S,남
2021,32171,Manager,ERP기획원,S,여
2021,32199,Manager,ERP기획원,S,남
2021,32392,Exempt,ERP기획원,S,남
2021,32404,Manager,ERP기획원,S,여
2021,30069,Executive,Account마케팅실장,비대상,남
2021,31923,Manager,추후부여,비대상,여
2021,31938,Manager,Account Marketer,M,남
2021,32271,Exempt,Propylene Markeing,M,여
2021,32414,Manager,P&R Account Squad PO,M,남
2021,32679,Exempt,Account Marketer,M,남
2021,32704,Exempt,Account Marketer,M,여
2021,31807,Manager,고부가PCs Acc. Squad PO,M,남
2021,32175,Manager,Account Marketer,M,여
2021,32272,Exempt,추후부여,비대상,여
2021,32412,Manager,Account Marketer,M,여
2021,32555,Exempt,Account Marketer,M,여
2021,32842,Exempt,Account Marketer,M,남
2021,31748,Manager,Account Marketer,M,남
2021,31792,Manager,친환경 PCs Acc. Squad PO,M,남
2021,31924,Manager,Account Marketer,M,남
2021,31817,Nonexempt,판매운영원,비대상,여
2021,31824,Nonexempt,판매운영원,비대상,여
2021,31827,Nonexempt,판매운영원,비대상,여
2021,31833,Nonexempt,판매운영원,비대상,여
2021,31834,Nonexempt,Account사업운영그룹리더,비대상,여
2021,32206,Nonexempt,판매운영원,비대상,여
2021,32503,Nonexempt,판매운영원,비대상,여
2021,32763,Nonexempt,판매운영원,비대상,여
2021,31820,Nonexempt,최적운영원,비대상,여
2021,31850,Nonexempt,Risk관리운영원,비대상,여
2021,32554,Exempt,시장분석원,S,남
2021,31789,Manager,Optimization Chapter CL,S,남
2021,31866,Manager,최적운영담당,S,남
2021,32403,Manager,최적운영담당,S,남
2021,32464,Exempt,최적운영담당,S,남
2021,32498,Exempt,최적운영담당,S,남
2021,32562,Exempt,최적운영담당,S,여
2021,31868,Manager,수급운영담당,S,남
2021,32512,Manager,납사수급운영,S,여
2021,32536,Manager,Feedstock Squad PO,S,남
2021,32633,Exempt,수급운영담당,S,여
2021,31846,Manager,시장분석담당,S,남
2021,31937,Manager,시장분석담당,S,남
2021,32005,Manager,RM Squad PO,S,남
2021,32608,Exempt,Risk관리담당,S,여
2021,31609,Manager,DT 기획,S,남
2021,32401,Manager,DT 기획,S,남
2021,32511,Manager,DT Squad PO,S,남
2021,32759,Manager,DT 기획,S,남
2021,32006,Manager,DS Squad PO,S,남
2021,32477,Manager,DS과제기획담당,S,남
2021,32501,Manager,DS과제기획담당,S,남
2021,32714,Exempt,DS과제개발담당,S,여
2021,30065,Executive,재무실장,비대상,남
2021,32845,Exempt,자금관리원,비대상,여
2021,30064,Executive,중국투자관리실장,비대상,여
2021,31695,Manager,중국사업개발 PL,S,남
2021,32689,Manager,사업기획원,S,남
2021,30057,Executive,계획/최적화 부총경리,비대상,남
2021,31573,Nonexempt,안전환경 부부장,비대상,남
2021,31743,Manager,화공생산부장,P,남
2021,32692,Manager,계획/최적화부장,P,남
2021,32693,Manager,안전환경부장,P,남
2021,32786,Manager,재무관리부부장,S,남
2021,31689,Manager,중국사업지원 PL,S,남
2021,31845,Manager,The 행복 PL,S,남
2021,31970,Manager,행복Designer,S,남
2021,32387,Exempt,행복Designer,S,여
2021,32530,Exempt,행복Designer,S,여
2021,32758,Nonexempt,행복Designer,비대상,여
2021,32764,Nonexempt,비서,비대상,여
2021,30062,Executive,중국경영지원실장,비대상,남
2021,32538,Manager,Project담당,S,남
2021,32683,Manager,재무 PL,S,남
2021,32839,Manager,재무담당,S,남
2021,32099,Manager,옌청 Unit PL,S,남
2021,32777,Manager,HR지원1 PL,S,남
2021,32844,Exempt,기획원,S,남
2021,32847,Manager,최고정보보호책임자 CISO,비대상,남
2021,39529,Executive,비상근고문,비대상,남
2021,39536,Executive,비상근고문,비대상,남
2021,30047,Executive,경영자문위원,비대상,남
2021,30052,Executive,경영자문위원,비대상,남
2021,32436,Manager,SK China 파견,비대상,남
2021,39530,Executive,경영자문위원,비대상,남
2021,39531,Executive,SE Consultant,비대상,남
2021,39533,Executive,경영자문위원,비대상,남
2022,30059,Executive,대표이사/사장,비대상,남
2022,32567,Manager,SKGC TS&D Center장,R,남
2022,30068,Executive,Solution사업본부장,비대상,남
2022,32592,Manager,추후부여,비대상,남
2022,30076,Executive,Packaging Solution사업부장,비대상,남
2022,31974,Manager,Packaging Biz개발 Squad PL,M,남
2022,32618,Exempt,시장개발원,M,여
2022,32388,Exempt,시장개발원,M,남
2022,32582,Manager,Packaging Green Solution Squad PL,M,여
2022,32596,Exempt,시장개발원,M,남
2022,32893,Exempt,시장개발원,M,여
2022,31798,Manager,Packaging사업전략 Chapter PL,M,남
2022,32195,Manager,사업관리원,M,남
2022,32753,Exempt,사업관리원,M,남
2022,32762,Exempt,사업관리원,M,남
2022,32894,Exempt,사업관리원,M,남
2022,31605,Manager,판매담당,M,남
2022,32136,Manager,판매담당,M,남
2022,32509,Manager,Food&Beverage Market Squad PL,M,남
2022,32869,Exempt,시장개발원,M,남
2022,32003,Manager,판매담당,M,남
2022,32151,Manager,시장개발원,M,남
2022,32711,Exempt,판매담당,M,남
2022,32776,Manager,Consumer Market Squad PL,M,남
2022,32889,Exempt,판매담당,M,남
2022,31277,Manager,판매담당,M,남
2022,32335,Manager,판매담당,M,남
2022,32410,Manager,판매담당,M,남
2022,32581,Manager,시장개발원,M,남
2022,32595,Manager,Retailer&Industrial Market Squad PL,M,남
2022,32765,Manager,판매담당,M,남
2022,31801,Manager,Packaging Optimization Chapter PL,M,남
2022,31998,Manager,사업관리원,M,여
2022,32268,Exempt,사업관리원,M,남
2022,38994,Manager,사업관리원,M,여
2022,31489,Nonexempt,판매운영원,비대상,여
2022,31836,Nonexempt,Packaging사업운영그룹리더,비대상,여
2022,32184,Nonexempt,판매운영원,비대상,여
2022,32284,Nonexempt,판매운영원,비대상,여
2022,32343,Nonexempt,판매운영원,비대상,여
2022,32516,Nonexempt,판매운영원,비대상,여
2022,32517,Nonexempt,판매운영원,비대상,여
2022,32542,Nonexempt,판매운영원,비대상,여
2022,39201,Contractor,판매운영원,비대상,여
2022,31840,Manager,사업관리원,M,남
2022,32400,Manager,Squad PL,M,남
2022,31917,Manager,경량화Solution사업부장,비대상,남
2022,32199,Manager,원폴 관리담당 PL,M,남
2022,31924,Manager,시장개발원,M,남
2022,32207,Nonexempt,판매운영원,비대상,여
2022,32406,Manager,시장개발원,S,남
2022,32543,Manager,시장개발원,M,여
2022,33067,Exempt,시장개발원,M,남
2022,33106,Exempt,시장개발원,M,남
2022,33108,Manager,시장개발원,M,남
2022,33110,Exempt,시장개발원,M,남
2022,39270,Contractor,판매운영원,비대상,여
2022,31814,Manager,사업기획원,M,남
2022,31995,Manager,해외판매원,M,남
2022,32131,Manager,사업기획원,M,남
2022,32337,Nonexempt,판매운영원,비대상,여
2022,32546,Nonexempt,판매운영원,비대상,여
2022,32583,Manager,Automotive사업관리 Chapter PL,M,남
2022,32699,Nonexempt,판매운영원,비대상,여
2022,32705,Exempt,사업기획원,M,남
2022,32872,Exempt,사업기획원,M,남
2022,32890,Exempt,사업기획원,M,남
2022,33107,Exempt,사업기획원,M,남
2022,32148,Manager,사업개발원,S,남
2022,32550,Manager,사업개발원,S,여
2022,32574,Manager,사업개발원,S,남
2022,32593,Manager,Automotive사업개발 Squad PL,S,남
2022,32849,Exempt,사업개발원,S,남
2022,32249,Manager,시장개발원,M,남
2022,32785,Manager,경량화Solution마케팅 Squad PL,M,남
2022,33140,Manager,시장개발원,M,남
2022,33142,Exempt,시장개발원,M,남
2022,31359,Manager,Automotive판매원,M,남
2022,31688,Manager,Automotive판매원,M,남
2022,31831,Nonexempt,판매운영원,비대상,여
2022,31893,Exempt,Automotive영업 Chapter PL,M,남
2022,32159,Manager,Automotive판매원,M,남
2022,32301,Manager,Automotive판매원,M,남
2022,32586,Nonexempt,판매운영원,비대상,여
2022,33105,Exempt,Automotive판매원,M,남
2022,31285,Manager,시장개발원,M,남
2022,32579,Manager,연구원,M,남
2022,32580,Manager,친환경Solution마케팅 Squad PL,M,남
2022,33109,Exempt,시장개발원,M,남
2022,31753,Manager,SSNC COO,S,남
2022,39189,Contractor,SSNC CEO,S,남
2022,31585,Manager,KNC 대표,S,남
2022,31484,Nonexempt,Shipping,비대상,남
2022,32506,Manager,Accounting,S,남
2022,32507,Manager,SHE,비대상,남
2022,32590,Manager,Production Mgmt.,P,남
2022,31444,Manager,생산부총경리,P,남
2022,31695,Manager,중한Green 신소재 총경리,P,남
2022,30071,Executive,Global사업개발실장,비대상,남
2022,32259,Manager,사업개발원,S,여
2022,32297,Manager,CR+ Squad PL,S,남
2022,32616,Exempt,사업개발원,S,남
2022,32840,Exempt,추후부여,비대상,여
2022,32855,Exempt,BM 개발,S,남
2022,30074,Executive,SK Functional Polymer 대표,비대상,남
2022,32690,Manager,사업기획원,S,여
2022,32760,Manager,재무/회계관리원,S,남
2022,32761,Manager,인력기획원,S,남
2022,32170,Manager,Polymer판매원,M,남
2022,31935,Manager,사업운영원,S,남
2022,32627,Manager,생산기술기사,P,남
2022,31495,Manager,SKGC Americas 대표,M,남
2022,32454,Manager,생산기술기사,P,남
2022,32450,Manager,Process Engineer,P,남
2022,32009,Manager,Strategy Planning PL,M,남
2022,32144,Manager,Automotive사업개발,M,남
2022,32848,Manager,재무/회계관리원,S,남
2022,32846,Manager,인력기획원,S,남
2022,30060,Executive,Material사업본부장,비대상,남
2022,32545,Nonexempt,추후부여,비대상,여
2022,39236,Contractor,판매운영원,비대상,여
2022,31689,Manager,G2C Chapter PL,S,남
2022,31810,Manager,Basic Material사업부장,비대상,남
2022,31852,Nonexempt,판매운영원,비대상,여
2022,31892,Nonexempt,판매운영원,비대상,여
2022,31961,Nonexempt,판매운영원,비대상,여
2022,31964,Nonexempt,판매운영원,비대상,여
2022,31975,Manager,기획관리원,M,여
2022,32147,Manager,Aromatic사업지원 Chapter PL,M,남
2022,32183,Nonexempt,판매운영원,비대상,여
2022,32185,Manager,Middle Office 담당,M,남
2022,32205,Manager,Middle Office 담당,M,남
2022,32281,Manager,사업지원담당,M,남
2022,32340,Nonexempt,판매운영원,비대상,여
2022,32706,Nonexempt,판매운영원,비대상,여
2022,39240,Contractor,판매운영원,비대상,여
2022,31791,Manager,Aromatic Marketer,M,남
2022,32430,Exempt,Account Marketer,M,남
2022,32438,Manager,Aromatic Marketing1 Squad PL,M,남
2022,32681,Exempt,Account Marketer,M,여
2022,33090,Exempt,Aromatic Marketer,M,남
2022,31969,Manager,Aromatic Marketing2 Squad PL,M,여
2022,32429,Exempt,Aromatic Marketer,M,남
2022,32892,Exempt,Aromatic Marketer,M,여
2022,33091,Manager,Aromatic Marketer,M,여
2022,31940,Manager,중국 Trading,M,남
2022,32111,Manager,Trader,M,남
2022,32149,Manager,Aromatic Trading Squad PL,M,남
2022,32005,Manager,Bio-N Squad PL,S,남
2022,32273,Exempt,사업개발원,S,남
2022,32577,Manager,사업개발원,S,남
2022,32923,Manager,사업개발원,S,남
2022,31494,Manager,Production Management Coordinator,P,남
2022,31608,Manager,UAC 대표,S,남
2022,32452,Manager,UAC파견/Safety&Environment Team Leader,P,남
2022,32544,Manager,Planning & Coordination Coordinator,P,남
2022,32632,Manager,Management Support Team Leader,S,남
2022,30069,Executive,Eco Material사업부장,비대상,남
2022,31817,Nonexempt,판매운영원,비대상,여
2022,31827,Nonexempt,판매운영원,비대상,여
2022,31923,Manager,Account Marketer,M,여
2022,31972,Manager,Account Marketer,M,여
2022,32414,Manager,Green Feed Squad PL,M,남
2022,32679,Exempt,Account Marketer,M,남
2022,32704,Exempt,Account Marketer,M,여
2022,31833,Nonexempt,판매운영원,비대상,여
2022,32175,Manager,Account Marketer,M,여
2022,32206,Nonexempt,판매운영원,비대상,여
2022,32272,Exempt,Account Marketer,M,여
2022,32412,Manager,Account Marketer,M,여
2022,32526,Exempt,Account Marketer,M,남
2022,32842,Exempt,Account Marketer,M,남
2022,31748,Manager,Account Marketer,M,남
2022,31754,Manager,친환경 Materials Squad PL,M,남
2022,31824,Nonexempt,판매운영원,비대상,여
2022,31834,Nonexempt,판매운영원,비대상,여
2022,32503,Nonexempt,판매운영원,비대상,여
2022,32682,Exempt,Account Marketer,M,남
2022,32763,Nonexempt,판매운영원,비대상,여
2022,33121,Exempt,Account Marketer,M,남
2022,33137,Manager,Accounting,S,남
2022,30073,Executive,Green사업개발담당,비대상,남
2022,39190,Contractor,Green사업개발담당,비대상,남
2022,32479,Exempt,사업개발원,S,여
2022,32491,Manager,사업개발원,S,남
2022,32518,Manager,R Infra Chapter PL,S,남
2022,32868,Exempt,사업개발원,S,남
2022,32891,Exempt,사업개발원,S,여
2022,33064,Manager,사업개발원,S,남
2022,32390,Exempt,Pyrolysis Squad PL,S,남
2022,32604,Exempt,Biz. Value-up 추진,S,남
2022,32617,Exempt,Global Coordination,S,여
2022,32878,Manager,사업개발원,S,남
2022,33100,Exempt,사업개발원,S,남
2022,31920,Manager,CR PET Squad PL,S,남
2022,32876,Exempt,사업개발원,S,여
2022,31696,Manager,MR PET Squad PL,S,남
2022,32877,Manager,사업개발원,S,남
2022,33099,Manager,사업개발원,S,남
2022,31690,Manager,Bio-D Squad PL,S,남
2022,32838,Exempt,사업개발원,S,남
2022,33124,Exempt,사업개발원,S,여
2022,31900,Manager,동경법인장,M,남
2022,32174,Exempt,Polymer담당,M,남
2022,30048,Executive,추후부여,비대상,남
2022,31388,Nonexempt,추후부여,비대상,남
2022,31592,Nonexempt,추후부여,비대상,남
2022,31770,Nonexempt,추후부여,비대상,남
2022,31907,Nonexempt,추후부여,비대상,남
2022,32082,Nonexempt,추후부여,비대상,남
2022,32125,Nonexempt,추후부여,비대상,남
2022,32457,Manager,추후부여,비대상,남
2022,32589,Manager,생산기술기사,P,남
2022,32865,Exempt,추후부여,비대상,남
2022,31085,Manager,생산관리원,비대상,남
2022,31144,Manager,생산관리원,비대상,남
2022,31676,Nonexempt,생산관리원,비대상,남
2022,31738,Nonexempt,생산관리원,비대상,남
2022,32354,Nonexempt,생산관리원,비대상,남
2022,32368,Nonexempt,생산관리원,비대상,남
2022,32434,Manager,생산관리기사,P,남
2022,32460,Manager,생산관리기사,P,남
2022,32474,Manager,생산관리기사,P,남
2022,32481,Exempt,생산관리기사,P,남
2022,32533,Exempt,생산관리기사,P,남
2022,32568,Manager,생산관리 PL,P,남
2022,32686,Exempt,생산관리기사,P,남
2022,32781,Nonexempt,사무운영원,비대상,여
2022,33136,Exempt,생산관리기사,P,남
2022,31162,Nonexempt,실험원,비대상,남
2022,31163,Nonexempt,실험총반장,비대상,남
2022,31238,Nonexempt,실험교관,비대상,남
2022,31267,Nonexempt,실험교대반장,비대상,남
2022,31268,Nonexempt,실험교대반장,비대상,남
2022,31269,Nonexempt,실험원,비대상,남
2022,31270,Nonexempt,실험원,비대상,남
2022,31299,Nonexempt,실험교대반장,비대상,남
2022,31300,Nonexempt,실험원,비대상,남
2022,31316,Nonexempt,실험교대반장,비대상,남
2022,31354,Nonexempt,실험교대반장,비대상,남
2022,31355,Manager,실험교관,비대상,남
2022,31371,Nonexempt,실험교대반장,비대상,남
2022,31372,Nonexempt,실험원,비대상,남
2022,31373,Nonexempt,실험원,비대상,남
2022,31374,Nonexempt,실험원,비대상,남
2022,31375,Nonexempt,실험총반장,비대상,남
2022,31473,Nonexempt,실험원,비대상,남
2022,31487,Nonexempt,실험교대반장,비대상,남
2022,31488,Nonexempt,실험원,비대상,남
2022,31503,Nonexempt,실험원,비대상,남
2022,31504,Nonexempt,실험원,비대상,남
2022,31505,Nonexempt,실험원,비대상,남
2022,31506,Nonexempt,실험원,비대상,남
2022,31513,Nonexempt,실험원,비대상,남
2022,31514,Nonexempt,실험교대반장,비대상,남
2022,31515,Nonexempt,실험원,비대상,남
2022,31548,Nonexempt,실험원,비대상,남
2022,31552,Nonexempt,실험원,비대상,남
2022,31724,Nonexempt,실험원,비대상,남
2022,31764,Nonexempt,실험원,비대상,남
2022,31765,Nonexempt,실험원,비대상,남
2022,31778,Nonexempt,실험원,비대상,남
2022,31779,Nonexempt,실험원,비대상,남
2022,31786,Nonexempt,실험원,비대상,남
2022,31787,Nonexempt,실험원,비대상,남
2022,31788,Nonexempt,실험원,비대상,남
2022,32201,Manager,품질관리 PL,P,여
2022,32362,Nonexempt,실험원,비대상,남
2022,32363,Nonexempt,추후부여,비대상,남
2022,32366,Nonexempt,실험원,비대상,남
2022,32369,Nonexempt,실험원,비대상,남
2022,32380,Nonexempt,실험원,비대상,남
2022,32716,Nonexempt,실험원,비대상,남
2022,32788,Nonexempt,실험원,비대상,남
2022,32789,Nonexempt,추후부여,비대상,남
2022,32790,Nonexempt,실험원,비대상,남
2022,33115,Nonexempt,실험원,비대상,남
2022,33116,Nonexempt,실험원,비대상,남
2022,33117,Nonexempt,실험원,비대상,남
2022,33118,Nonexempt,실험원,비대상,남
2022,30075,Executive,G Square Tech센터장,비대상,남
2022,31149,Manager,Green Tech기술원,비대상,남
2022,31155,Nonexempt,Global Tech기술원,비대상,남
2022,31443,Nonexempt,Global Tech기술원,비대상,남
2022,32258,Nonexempt,Global Tech기술원,비대상,남
2022,39229,Contractor,사무운영원,비대상,여
2022,32456,Manager,생산기술기사,P,남
2022,32486,Manager,GT1 Squad PL,P,남
2022,32531,Exempt,생산기술기사,P,남
2022,32563,Exempt,생산기술기사,P,남
2022,32564,Exempt,생산기술기사,P,남
2022,32841,Manager,생산기술기사,P,남
2022,33083,Exempt,생산기술기사,P,남
2022,33120,Exempt,생산기술기사,P,여
2022,32296,Exempt,생산기술기사,P,남
2022,32495,Manager,GT2 Squad PL,P,남
2022,32707,Manager,Project기사,P,남
2022,32708,Exempt,생산기술기사,P,남
2022,32870,Exempt,생산기술기사,P,남
2022,33072,Exempt,생산기술기사,P,남
2022,33084,Exempt,생산기술기사,P,여
2022,33085,Exempt,생산기술기사,P,남
2022,33134,Exempt,Project기사,P,남
2022,32487,Manager,GT3 Squad PL,P,남
2022,32709,Exempt,생산기술기사,P,남
2022,33073,Exempt,생산기술기사,P,남
2022,33096,Manager,#3 EAA Project Squad PL,P,남
2022,33133,Exempt,Project기사,P,남
2022,39238,Contractor,Project기사,P,남
2022,39239,Contractor,Project기사,P,남
2022,39271,Contractor,Project기사,P,남
2022,39273,Contractor,공사감독,P,남
2022,30070,Executive,Polymer공장장,비대상,남
2022,31208,Nonexempt,SHE관리원,비대상,남
2022,31232,Nonexempt,SHE관리원,비대상,남
2022,31310,Nonexempt,SHE관리원,비대상,남
2022,31550,Nonexempt,SHE관리반장,비대상,남
2022,31768,Nonexempt,SHE관리원,비대상,남
2022,32783,Nonexempt,사무운영원,비대상,여
2022,33129,Nonexempt,SHE관리원,비대상,남
2022,31080,Nonexempt,Polymer기술원,비대상,남
2022,31246,Nonexempt,Polymer기술원,비대상,남
2022,32162,Manager,생산기술기사,P,남
2022,32287,Nonexempt,Polymer기술원,비대상,남
2022,32535,Manager,생산기술기사,P,남
2022,32587,Manager,생산기술기사,P,남
2022,32611,Exempt,생산기술기사,P,남
2022,32628,Manager,생산기술기사,P,남
2022,32697,Exempt,생산기술기사,P,남
2022,32712,Manager,생산기술기사,P,남
2022,32755,Exempt,생산기술기사,P,남
2022,32863,Exempt,생산기술기사,P,남
2022,32864,Exempt,생산기술기사,P,여
2022,33065,Exempt,생산기술기사,P,남
2022,33071,Exempt,생산기술기사,P,남
2022,33086,Exempt,생산기술기사,P,여
2022,33087,Exempt,생산기술기사,P,남
2022,33088,Exempt,생산기술기사,P,남
2022,33135,Exempt,생산기술기사,P,남
2022,31133,Nonexempt,장치운전원,비대상,남
2022,31160,Nonexempt,장치운전원,비대상,남
2022,31206,Nonexempt,장치운전원,비대상,남
2022,31248,Manager,HDPE총반장,비대상,남
2022,31249,Nonexempt,LLDPE교관,비대상,남
2022,31251,Nonexempt,장치운전원,비대상,남
2022,31253,Manager,HDPE교관,비대상,남
2022,31255,Nonexempt,장치운전원,비대상,남
2022,31262,Nonexempt,장치운전원,비대상,남
2022,31348,Nonexempt,장치운전원,비대상,남
2022,31410,Nonexempt,장치운전원,비대상,남
2022,31412,Nonexempt,LLDPE교대반장,비대상,남
2022,31413,Nonexempt,장치운전원,비대상,남
2022,31414,Nonexempt,HDPE교대반장,비대상,남
2022,31423,Nonexempt,HDPE교대반장,비대상,남
2022,31425,Nonexempt,SHE Coordinator,비대상,남
2022,31427,Nonexempt,장치운전원,비대상,남
2022,31440,Nonexempt,장치운전원,비대상,남
2022,31441,Nonexempt,LLDPE총반장,비대상,남
2022,31549,Nonexempt,LLDPE교대반장,비대상,남
2022,31561,Nonexempt,추후부여,비대상,남
2022,31663,Nonexempt,장치운전원,비대상,남
2022,31685,Nonexempt,LLDPE교대반장,비대상,남
2022,31686,Nonexempt,HDPE교대반장,비대상,남
2022,31687,Nonexempt,장치운전원,비대상,남
2022,31707,Nonexempt,장치운전원,비대상,남
2022,31727,Nonexempt,장치운전원,비대상,남
2022,31730,Nonexempt,장치운전원,비대상,남
2022,31731,Nonexempt,LLDPE교대반장,비대상,남
2022,31732,Nonexempt,장치운전원,비대상,남
2022,31733,Nonexempt,장치운전원,비대상,남
2022,31746,Manager,PE생산 PL,P,남
2022,31769,Nonexempt,SHE Coordinator,비대상,남
2022,31782,Nonexempt,장치운전원,비대상,남
2022,31784,Nonexempt,HDPE교대반장,비대상,남
2022,31903,Nonexempt,장치운전원,비대상,남
2022,31904,Nonexempt,장치운전원,비대상,남
2022,31912,Nonexempt,장치운전원,비대상,남
2022,31913,Nonexempt,장치운전원,비대상,남
2022,31916,Nonexempt,장치운전원,비대상,남
2022,32129,Nonexempt,장치운전원,비대상,남
2022,32216,Nonexempt,장치운전원,비대상,남
2022,32219,Nonexempt,장치운전원,비대상,남
2022,32239,Nonexempt,장치운전원,비대상,남
2022,32240,Nonexempt,장치운전원,비대상,남
2022,32244,Nonexempt,장치운전원,비대상,남
2022,32310,Nonexempt,장치운전원,비대상,남
2022,32321,Nonexempt,장치운전원,비대상,남
2022,32325,Nonexempt,장치운전원,비대상,남
2022,32370,Nonexempt,장치운전원,비대상,남
2022,32381,Nonexempt,장치운전원,비대상,남
2022,32597,Nonexempt,장치운전원,비대상,남
2022,32671,Nonexempt,장치운전원,비대상,남
2022,32672,Nonexempt,장치운전원,비대상,남
2022,32741,Nonexempt,추후부여,비대상,남
2022,32742,Nonexempt,장치운전원,비대상,남
2022,32747,Nonexempt,장치운전원,비대상,남
2022,32825,Nonexempt,장치운전원,비대상,남
2022,32826,Nonexempt,장치운전원,비대상,남
2022,32827,Nonexempt,장치운전원,비대상,남
2022,32828,Nonexempt,추후부여,비대상,남
2022,32829,Nonexempt,장치운전원,비대상,남
2022,32897,Nonexempt,장치운전원,비대상,남
2022,31087,Nonexempt,장치운전원,비대상,남
2022,31122,Nonexempt,PP총반장 인수인계,비대상,남
2022,31256,Nonexempt,장치운전원,비대상,남
2022,31257,Nonexempt,장치운전원,비대상,남
2022,31260,Nonexempt,장치운전원,비대상,남
2022,31273,Nonexempt,장치운전원,비대상,남
2022,31274,Nonexempt,장치운전원,비대상,남
2022,31349,Nonexempt,장치운전원,비대상,남
2022,31380,Nonexempt,장치운전원,비대상,남
2022,31387,Nonexempt,장치운전원,비대상,남
2022,31393,Nonexempt,장치운전원,비대상,남
2022,31424,Nonexempt,장치운전원,비대상,남
2022,31426,Nonexempt,장치운전원,비대상,남
2022,31430,Nonexempt,장치운전원,비대상,남
2022,31438,Nonexempt,장치운전원,비대상,남
2022,31439,Nonexempt,PP총반장,비대상,남
2022,31442,Nonexempt,장치운전원,비대상,남
2022,31465,Nonexempt,PP교관,비대상,남
2022,31516,Nonexempt,장치운전원,비대상,남
2022,31574,Nonexempt,장치운전원,비대상,남
2022,31627,Nonexempt,PP교대반장,비대상,남
2022,31628,Nonexempt,장치운전원,비대상,남
2022,31665,Nonexempt,PP교대반장,비대상,남
2022,31667,Nonexempt,PP교대반장,비대상,남
2022,31734,Nonexempt,장치운전원,비대상,남
2022,31737,Nonexempt,PP교대반장,비대상,남
2022,31739,Nonexempt,장치운전원,비대상,남
2022,31740,Nonexempt,SHE Coordinator,비대상,남
2022,31899,Nonexempt,장치운전원,비대상,남
2022,32215,Nonexempt,장치운전원,비대상,남
2022,32224,Nonexempt,장치운전원,비대상,남
2022,32230,Nonexempt,장치운전원,비대상,남
2022,32237,Nonexempt,장치운전원,비대상,남
2022,32245,Nonexempt,장치운전원,비대상,남
2022,32306,Nonexempt,장치운전원,비대상,남
2022,32314,Nonexempt,장치운전원,비대상,남
2022,32588,Manager,PP생산 PL,P,남
2022,32673,Nonexempt,장치운전원,비대상,남
2022,32674,Nonexempt,장치운전원,비대상,남
2022,32744,Nonexempt,장치운전원,비대상,남
2022,32745,Nonexempt,장치운전원,비대상,남
2022,32746,Nonexempt,장치운전원,비대상,남
2022,32830,Nonexempt,장치운전원,비대상,남
2022,32831,Nonexempt,장치운전원,비대상,남
2022,32832,Nonexempt,장치운전원,비대상,남
2022,32909,Nonexempt,장치운전원,비대상,남
2022,32918,Nonexempt,장치운전원,비대상,남
2022,31069,Manager,생산관리원,비대상,남
2022,31297,Nonexempt,물류운전원,비대상,남
2022,31351,Nonexempt,물류운전원,비대상,남
2022,31353,Nonexempt,물류운전원,비대상,남
2022,31394,Nonexempt,물류관리원,비대상,남
2022,31395,Nonexempt,물류운전원,비대상,남
2022,31447,Nonexempt,물류교대반장,비대상,남
2022,31483,Nonexempt,물류운전원,비대상,남
2022,31485,Nonexempt,물류교대반장,비대상,남
2022,31517,Nonexempt,생산관리원,비대상,남
2022,31518,Nonexempt,물류운전원,비대상,남
2022,31528,Nonexempt,물류운전원,비대상,남
2022,31536,Nonexempt,물류운전원,비대상,남
2022,31568,Nonexempt,물류교대반장,비대상,남
2022,31661,Nonexempt,물류교관,비대상,남
2022,31725,Nonexempt,물류운전원,비대상,남
2022,31726,Nonexempt,물류총반장,비대상,남
2022,31766,Nonexempt,물류교대반장,비대상,남
2022,31781,Nonexempt,물류출하반장,비대상,남
2022,31783,Nonexempt,생산관리원,비대상,남
2022,31905,Nonexempt,물류운전원,비대상,남
2022,32126,Manager,Polymer운영 PL,P,남
2022,32238,Nonexempt,물류운전원,비대상,남
2022,32261,Exempt,생산관리기사,P,남
2022,32559,Exempt,생산관리기사,P,남
2022,32630,Nonexempt,통관원,비대상,남
2022,32710,Nonexempt,출하운영원,비대상,여
2022,32743,Nonexempt,물류운전원,비대상,남
2022,32833,Nonexempt,SHE Coordinator,비대상,남
2022,32834,Nonexempt,생산관리원,비대상,남
2022,32835,Nonexempt,물류운전원,비대상,남
2022,32905,Nonexempt,물류운전원,비대상,여
2022,31138,Nonexempt,NDP운영반장,비대상,남
2022,31254,Nonexempt,장치운전원,비대상,남
2022,31315,Nonexempt,장치운전원,비대상,남
2022,31352,Nonexempt,장치운전원,비대상,남
2022,31383,Nonexempt,장치운전원,비대상,남
2022,31512,Nonexempt,장치운전원,비대상,남
2022,31666,Nonexempt,장치운전원,비대상,남
2022,31684,Nonexempt,장치운전원,비대상,남
2022,31728,Nonexempt,장치운전원,비대상,남
2022,31911,Nonexempt,장치운전원,비대상,남
2022,31915,Nonexempt,장치운전원,비대상,남
2022,31123,Nonexempt,SHE Coordinator,비대상,남
2022,31234,Nonexempt,SHE Coordinator,비대상,남
2022,31258,Nonexempt,Nexlene교대반장,비대상,남
2022,31259,Nonexempt,Nexlene총반장,비대상,남
2022,31401,Nonexempt,Nexlene교대반장,비대상,남
2022,31435,Nonexempt,장치운전원,비대상,남
2022,31437,Nonexempt,Nexlene교대반장,비대상,남
2022,31577,Nonexempt,Nexlene교대반장,비대상,남
2022,31578,Nonexempt,장치운전원,비대상,남
2022,31629,Nonexempt,장치운전원,비대상,남
2022,31664,Nonexempt,장치운전원,비대상,남
2022,31729,Nonexempt,장치운전원,비대상,남
2022,31735,Nonexempt,물류운전원,비대상,남
2022,31736,Nonexempt,장치운전원,비대상,남
2022,31767,Nonexempt,장치운전원,비대상,남
2022,31882,Nonexempt,장치운전원,비대상,남
2022,31906,Nonexempt,장치운전원,비대상,남
2022,31908,Nonexempt,장치운전원,비대상,남
2022,31910,Nonexempt,장치운전원,비대상,남
2022,32211,Nonexempt,장치운전원,비대상,남
2022,32218,Nonexempt,장치운전원,비대상,남
2022,32241,Nonexempt,장치운전원,비대상,남
2022,32254,Nonexempt,Nexlene교관,비대상,남
2022,32255,Nonexempt,장치운전원,비대상,남
2022,32256,Nonexempt,장치운전원,비대상,남
2022,32257,Nonexempt,장치운전원,비대상,남
2022,32302,Nonexempt,장치운전원,비대상,남
2022,32502,Manager,Nexlene생산 PL,P,남
2022,32727,Nonexempt,장치운전원,비대상,남
2022,32728,Nonexempt,장치운전원,비대상,남
2022,32729,Nonexempt,장치운전원,비대상,남
2022,32730,Nonexempt,장치운전원,비대상,남
2022,32731,Nonexempt,장치운전원,비대상,남
2022,32836,Nonexempt,장치운전원,비대상,남
2022,32837,Nonexempt,장치운전원,비대상,남
2022,32904,Nonexempt,장치운전원,비대상,남
2022,32911,Nonexempt,장치운전원,비대상,남
2022,32522,Manager,닝보EPDM총경리,P,남
2022,32754,Exempt,생산기술기사,P,여
2022,30066,Executive,Olefin공장장,비대상,남
2022,31148,Nonexempt,SHE관리원,비대상,남
2022,31646,Nonexempt,SHE관리반장,비대상,남
2022,32371,Nonexempt,SHE관리원,비대상,남
2022,32756,Nonexempt,SHE관리원,비대상,남
2022,32780,Nonexempt,사무운영원,비대상,여
2022,33126,Nonexempt,SHE관리원,비대상,남
2022,33127,Nonexempt,SHE관리원,비대상,남
2022,33128,Nonexempt,SHE관리원,비대상,남
2022,31177,Nonexempt,Olefin기술원,비대상,남
2022,31934,Manager,생산기술기사,P,남
2022,31987,Nonexempt,연구실험반장,비대상,남
2022,32437,Manager,Basic Chemical Tech1 PL,P,남
2022,32455,Manager,생산기술기사,P,남
2022,32462,Manager,생산기술기사,P,남
2022,32467,Manager,Olefin기술원,비대상,남
2022,32603,Exempt,생산기술기사,P,남
2022,32694,Exempt,생산기술기사,P,남
2022,32695,Exempt,생산기술기사,P,남
2022,32843,Exempt,생산기술기사,P,남
2022,32858,Exempt,생산기술기사,P,남
2022,32859,Exempt,생산기술기사,P,여
2022,33077,Exempt,생산기술기사,P,남
2022,33078,Exempt,생산기술기사,P,여
2022,33079,Exempt,생산기술기사,P,남
2022,31141,Nonexempt,장치운전원,비대상,남
2022,31150,Nonexempt,장치운전원,비대상,남
2022,31223,Nonexempt,장치운전원,비대상,남
2022,31302,Manager,Olefin총반장,비대상,남
2022,31304,Nonexempt,장치운전원,비대상,남
2022,31305,Nonexempt,장치운전원,비대상,남
2022,31319,Nonexempt,장치운전원,비대상,남
2022,31341,Nonexempt,장치운전원,비대상,남
2022,31342,Nonexempt,장치운전원,비대상,남
2022,31404,Nonexempt,장치운전원,비대상,남
2022,31405,Nonexempt,Olefin교대반장,비대상,남
2022,31420,Nonexempt,장치운전원,비대상,남
2022,31452,Nonexempt,장치운전원,비대상,남
2022,31551,Nonexempt,장치운전원,비대상,남
2022,31553,Nonexempt,Olefin교대반장,비대상,남
2022,31570,Nonexempt,Olefin교대반장,비대상,남
2022,31594,Nonexempt,Olefin교대반장,비대상,남
2022,31616,Nonexempt,장치운전원,비대상,남
2022,31618,Nonexempt,장치운전원,비대상,남
2022,31622,Nonexempt,장치운전원,비대상,남
2022,31642,Nonexempt,장치운전원,비대상,남
2022,31643,Nonexempt,장치운전원,비대상,남
2022,31671,Nonexempt,장치운전원,비대상,남
2022,31673,Nonexempt,Olefin교관,비대상,남
2022,31677,Nonexempt,장치운전원,비대상,남
2022,31719,Nonexempt,장치운전원,비대상,남
2022,31985,Nonexempt,SHE Coordinator,비대상,남
2022,31986,Nonexempt,장치운전원,비대상,남
2022,31991,Nonexempt,장치운전원,비대상,남
2022,32034,Nonexempt,장치운전원,비대상,남
2022,32225,Nonexempt,장치운전원,비대상,남
2022,32311,Nonexempt,장치운전원,비대상,남
2022,32360,Nonexempt,장치운전원,비대상,남
2022,32687,Manager,Olefin생산1 PL,P,남
2022,32732,Nonexempt,장치운전원,비대상,남
2022,32793,Nonexempt,장치운전원,비대상,남
2022,32795,Nonexempt,장치운전원,비대상,남
2022,31135,Nonexempt,장치운전원,비대상,남
2022,31137,Nonexempt,Olefin총반장,비대상,남
2022,31145,Nonexempt,장치운전원,비대상,남
2022,31147,Nonexempt,장치운전원,비대상,남
2022,31215,Nonexempt,장치운전원,비대상,남
2022,31227,Nonexempt,장치운전원,비대상,남
2022,31231,Nonexempt,장치운전원,비대상,남
2022,31326,Nonexempt,장치운전원,비대상,남
2022,31379,Nonexempt,장치운전원,비대상,남
2022,31421,Nonexempt,Olefin교대반장,비대상,남
2022,31451,Nonexempt,장치운전원,비대상,남
2022,31454,Nonexempt,Olefin교대반장,비대상,남
2022,31457,Nonexempt,장치운전원,비대상,남
2022,31521,Nonexempt,장치운전원,비대상,남
2022,31524,Nonexempt,장치운전원,비대상,남
2022,31532,Nonexempt,장치운전원,비대상,남
2022,31582,Nonexempt,장치운전원,비대상,남
2022,31590,Nonexempt,장치운전원,비대상,남
2022,31591,Nonexempt,장치운전원,비대상,남
2022,31637,Nonexempt,Olefin교대반장,비대상,남
2022,31647,Nonexempt,Olefin교관,비대상,남
2022,31648,Nonexempt,장치운전원,비대상,남
2022,31680,Nonexempt,Olefin교대반장,비대상,남
2022,31785,Nonexempt,장치운전원,비대상,남
2022,31876,Nonexempt,장치운전원,비대상,남
2022,31878,Nonexempt,장치운전원,비대상,남
2022,31880,Nonexempt,장치운전원,비대상,남
2022,31901,Nonexempt,분해로운영반장,비대상,남
2022,31942,Nonexempt,장치운전원,비대상,남
2022,31943,Nonexempt,장치운전원,비대상,남
2022,31988,Nonexempt,SHE Coordinator,비대상,남
2022,32212,Nonexempt,장치운전원,비대상,남
2022,32356,Nonexempt,장치운전원,비대상,남
2022,32361,Nonexempt,장치운전원,비대상,남
2022,32364,Nonexempt,장치운전원,비대상,남
2022,32367,Nonexempt,장치운전원,비대상,남
2022,32376,Nonexempt,장치운전원,비대상,남
2022,32453,Manager,Olefin생산2 PL,P,남
2022,32659,Nonexempt,장치운전원,비대상,남
2022,32733,Nonexempt,장치운전원,비대상,남
2022,32734,Nonexempt,장치운전원,비대상,남
2022,32735,Nonexempt,장치운전원,비대상,남
2022,32797,Nonexempt,장치운전원,비대상,남
2022,32798,Nonexempt,장치운전원,비대상,남
2022,32799,Nonexempt,장치운전원,비대상,남
2022,32800,Nonexempt,장치운전원,비대상,남
2022,32801,Nonexempt,장치운전원,비대상,남
2022,32802,Nonexempt,장치운전원,비대상,남
2022,33112,Nonexempt,장치운전원,비대상,남
2022,33113,Nonexempt,장치운전원,비대상,남
2022,33114,Nonexempt,장치운전원,비대상,남
2022,31097,Nonexempt,Olefin총반장 인수인계,비대상,남
2022,31153,Nonexempt,장치운전원,비대상,남
2022,31154,Nonexempt,장치운전원,비대상,남
2022,31210,Nonexempt,Olefin교관,비대상,남
2022,31230,Nonexempt,저장·출하운영원,비대상,남
2022,31306,Nonexempt,장치운전원,비대상,남
2022,31309,Nonexempt,Olefin교관,비대상,남
2022,31321,Nonexempt,Olefin총반장,비대상,남
2022,31322,Nonexempt,장치운전원,비대상,남
2022,31327,Nonexempt,장치운전원,비대상,남
2022,31377,Nonexempt,장치운전원,비대상,남
2022,31400,Nonexempt,장치운전원,비대상,남
2022,31415,Nonexempt,장치운전원,비대상,남
2022,31456,Nonexempt,장치운전원,비대상,남
2022,31486,Nonexempt,출하운영원,비대상,남
2022,31522,Nonexempt,Olefin총반장,비대상,남
2022,31541,Nonexempt,장치운전원,비대상,남
2022,31542,Nonexempt,장치운전원,비대상,남
2022,31557,Nonexempt,SHE Coordinator,비대상,남
2022,31569,Nonexempt,Olefin교대반장,비대상,남
2022,31579,Nonexempt,장치운전원,비대상,남
2022,31615,Nonexempt,Olefin교대반장,비대상,남
2022,31621,Nonexempt,Olefin교대반장,비대상,남
2022,31631,Nonexempt,장치운전원,비대상,남
2022,31641,Nonexempt,장치운전원,비대상,남
2022,31649,Nonexempt,Olefin교대반장,비대상,남
2022,31652,Nonexempt,Olefin교대반장,비대상,남
2022,31670,Nonexempt,장치운전원,비대상,남
2022,31679,Nonexempt,장치운전원,비대상,남
2022,31682,Nonexempt,Olefin교대반장,비대상,남
2022,31683,Nonexempt,저장·출하운영반장,비대상,남
2022,31697,Nonexempt,장치운전원,비대상,남
2022,31774,Nonexempt,SHE Coordinator,비대상,남
2022,31775,Nonexempt,장치운전원,비대상,남
2022,31776,Nonexempt,Olefin교대반장,비대상,남
2022,31777,Nonexempt,Olefin교대반장,비대상,남
2022,31874,Nonexempt,장치운전원,비대상,남
2022,31879,Nonexempt,장치운전원,비대상,남
2022,31881,Nonexempt,장치운전원,비대상,남
2022,31941,Nonexempt,장치운전원,비대상,남
2022,31945,Nonexempt,장치운전원,비대상,남
2022,32316,Nonexempt,장치운전원,비대상,남
2022,32329,Nonexempt,장치운전원,비대상,남
2022,32355,Nonexempt,장치운전원,비대상,남
2022,32357,Nonexempt,장치운전원,비대상,남
2022,32358,Nonexempt,장치운전원,비대상,남
2022,32382,Nonexempt,장치운전원,비대상,남
2022,32397,Nonexempt,장치운전원,비대상,남
2022,32485,Manager,Olefin생산3 PL,P,남
2022,32660,Nonexempt,장치운전원,비대상,남
2022,32661,Nonexempt,장치운전원,비대상,남
2022,32736,Nonexempt,장치운전원,비대상,남
2022,32737,Nonexempt,장치운전원,비대상,남
2022,32791,Nonexempt,장치운전원,비대상,남
2022,32792,Nonexempt,장치운전원,비대상,남
2022,32796,Nonexempt,장치운전원,비대상,남
2022,32803,Nonexempt,장치운전원,비대상,남
2022,32804,Nonexempt,장치운전원,비대상,남
2022,32805,Nonexempt,장치운전원,비대상,남
2022,32806,Nonexempt,장치운전원,비대상,남
2022,32807,Nonexempt,장치운전원,비대상,남
2022,32808,Nonexempt,장치운전원,비대상,남
2022,32899,Nonexempt,장치운전원,비대상,남
2022,32912,Nonexempt,장치운전원,비대상,남
2022,32914,Nonexempt,장치운전원,비대상,남
2022,31090,Nonexempt,저유운전원,비대상,남
2022,31214,Nonexempt,장치운전원,비대상,남
2022,31263,Manager,Olefin교관,비대상,남
2022,31265,Nonexempt,운영교대반장,비대상,남
2022,31266,Nonexempt,NCC운영반장,비대상,남
2022,31295,Nonexempt,장치운전원,비대상,남
2022,31303,Nonexempt,Olefin총반장,비대상,남
2022,31307,Nonexempt,장치운전원,비대상,남
2022,31318,Nonexempt,장치운전원,비대상,남
2022,31320,Nonexempt,장치운전원,비대상,남
2022,31323,Nonexempt,저유운전원,비대상,남
2022,31325,Nonexempt,저유운전원,비대상,남
2022,31384,Nonexempt,Olefin교대반장,비대상,남
2022,31385,Nonexempt,장치운전원,비대상,남
2022,31386,Manager,운영총반장,비대상,남
2022,31409,Nonexempt,저유운전원,비대상,남
2022,31431,Nonexempt,저유운전원,비대상,남
2022,31461,Nonexempt,장치운전원,비대상,남
2022,31462,Nonexempt,운영교대반장,비대상,남
2022,31463,Nonexempt,저유운전원,비대상,남
2022,31558,Nonexempt,저유운전원,비대상,남
2022,31559,Nonexempt,운영교관,비대상,남
2022,31560,Nonexempt,장치운전원,비대상,남
2022,31575,Nonexempt,장치운전원,비대상,남
2022,31576,Nonexempt,장치운전원,비대상,남
2022,31581,Nonexempt,Olefin교대반장,비대상,남
2022,31593,Nonexempt,저유운전원,비대상,남
2022,31614,Nonexempt,저유운전원,비대상,남
2022,31617,Nonexempt,Olefin교대반장,비대상,남
2022,31620,Nonexempt,장치운전원,비대상,남
2022,31630,Nonexempt,운영교대반장,비대상,남
2022,31639,Nonexempt,장치운전원,비대상,남
2022,31640,Nonexempt,저유운전원,비대상,남
2022,31675,Nonexempt,Olefin교대반장,비대상,남
2022,31718,Nonexempt,장치운전원,비대상,남
2022,31773,Nonexempt,장치운전원,비대상,남
2022,31780,Nonexempt,운영교대반장,비대상,남
2022,31883,Nonexempt,SHE Coordinator,비대상,남
2022,32209,Nonexempt,저유운전원,비대상,남
2022,32226,Nonexempt,SHE Coordinator,비대상,남
2022,32231,Nonexempt,장치운전원,비대상,남
2022,32339,Manager,PC생산·출하 PL,P,남
2022,32351,Nonexempt,장치운전원,비대상,남
2022,32352,Nonexempt,장치운전원,비대상,남
2022,32353,Nonexempt,장치운전원,비대상,남
2022,32365,Nonexempt,저유운전원,비대상,남
2022,32375,Nonexempt,장치운전원,비대상,남
2022,32379,Nonexempt,저유운전원,비대상,남
2022,32662,Nonexempt,장치운전원,비대상,남
2022,32663,Nonexempt,저유운전원,비대상,남
2022,32664,Nonexempt,저유운전원,비대상,남
2022,32738,Nonexempt,저유운전원,비대상,남
2022,32739,Nonexempt,저유운전원,비대상,남
2022,32740,Nonexempt,저유운전원,비대상,남
2022,32794,Nonexempt,저유운전원,비대상,남
2022,32809,Nonexempt,장치운전원,비대상,남
2022,32810,Nonexempt,장치운전원,비대상,남
2022,32811,Nonexempt,저유운전원,비대상,남
2022,32812,Nonexempt,저유운전원,비대상,남
2022,32902,Nonexempt,장치운전원,비대상,남
2022,30056,Executive,Aromatic공장장,비대상,남
2022,31081,Nonexempt,생산관리원,비대상,남
2022,32062,Manager,SHE관리반장,비대상,남
2022,33123,Nonexempt,사무운영원,비대상,여
2022,33130,Nonexempt,SHE관리원,비대상,남
2022,33131,Nonexempt,SHE관리원,비대상,남
2022,33132,Nonexempt,SHE관리원,비대상,남
2022,31134,Nonexempt,Aromatic기술원,비대상,남
2022,31221,Nonexempt,Aromatic기술원,비대상,남
2022,32417,Exempt,생산기술기사,P,남
2022,32425,Manager,생산기술기사,P,남
2022,32471,Manager,Basic Chemical Tech2 PL,P,남
2022,32614,Exempt,생산기술기사,P,남
2022,32698,Exempt,생산기술기사,P,남
2022,32860,Exempt,생산기술기사,P,남
2022,32861,Exempt,생산기술기사,P,남
2022,32862,Exempt,생산기술기사,P,여
2022,33080,Exempt,생산기술기사,P,남
2022,33081,Exempt,생산기술기사,P,여
2022,33082,Exempt,생산기술기사,P,남
2022,33119,Exempt,생산기술기사,P,남
2022,31126,Nonexempt,추후부여,비대상,남
2022,31205,Nonexempt,장치운전원,비대상,남
2022,31212,Nonexempt,장치운전원,비대상,남
2022,31219,Nonexempt,장치운전원,비대상,남
2022,31311,Nonexempt,장치운전원,비대상,남
2022,31343,Nonexempt,장치운전원,비대상,남
2022,31344,Nonexempt,장치운전원,비대상,남
2022,31346,Nonexempt,장치운전원,비대상,남
2022,31382,Nonexempt,장치운전원,비대상,남
2022,31399,Nonexempt,장치운전원,비대상,남
2022,31407,Nonexempt,장치운전원,비대상,남
2022,31422,Nonexempt,장치운전원,비대상,남
2022,31460,Nonexempt,장치운전원,비대상,남
2022,31464,Nonexempt,장치운전원,비대상,남
2022,31475,Nonexempt,장치운전원,비대상,남
2022,31476,Nonexempt,장치운전원,비대상,남
2022,31530,Nonexempt,장치운전원,비대상,남
2022,31580,Nonexempt,Aromatic총반장,비대상,남
2022,31624,Nonexempt,장치운전원,비대상,남
2022,31632,Nonexempt,Aromatic교대반장,비대상,남
2022,31635,Nonexempt,Aromatic교관,비대상,남
2022,31653,Nonexempt,장치운전원,비대상,남
2022,31654,Nonexempt,Aromatic교대반장,비대상,남
2022,31655,Nonexempt,장치운전원,비대상,남
2022,31658,Nonexempt,장치운전원,비대상,남
2022,31660,Nonexempt,Aromatic교대반장,비대상,남
2022,31720,Nonexempt,장치운전원,비대상,남
2022,31763,Nonexempt,Aromatic교대반장,비대상,남
2022,31875,Nonexempt,장치운전원,비대상,남
2022,31885,Nonexempt,장치운전원,비대상,남
2022,31886,Nonexempt,장치운전원,비대상,남
2022,31887,Nonexempt,장치운전원,비대상,남
2022,32210,Nonexempt,장치운전원,비대상,남
2022,32220,Nonexempt,장치운전원,비대상,남
2022,32246,Nonexempt,SHE Coordinator,비대상,남
2022,32251,Manager,Aromatic생산1 PL,P,남
2022,32372,Nonexempt,장치운전원,비대상,남
2022,32374,Nonexempt,장치운전원,비대상,남
2022,32665,Nonexempt,장치운전원,비대상,남
2022,32666,Nonexempt,장치운전원,비대상,남
2022,32667,Nonexempt,장치운전원,비대상,남
2022,32668,Nonexempt,장치운전원,비대상,남
2022,32717,Nonexempt,장치운전원,비대상,남
2022,32718,Nonexempt,장치운전원,비대상,남
2022,32719,Nonexempt,장치운전원,비대상,남
2022,32720,Nonexempt,장치운전원,비대상,남
2022,32721,Nonexempt,장치운전원,비대상,남
2022,32757,Nonexempt,장치운전원,비대상,남
2022,32813,Nonexempt,장치운전원,비대상,남
2022,32814,Nonexempt,장치운전원,비대상,남
2022,32815,Nonexempt,장치운전원,비대상,남
2022,32816,Nonexempt,장치운전원,비대상,남
2022,32900,Nonexempt,장치운전원,비대상,남
2022,32907,Nonexempt,장치운전원,비대상,남
2022,32908,Nonexempt,장치운전원,비대상,남
2022,32913,Nonexempt,장치운전원,비대상,남
2022,31132,Nonexempt,장치운전원,비대상,남
2022,31157,Nonexempt,장치운전원,비대상,남
2022,31229,Nonexempt,Aromatic총반장,비대상,남
2022,31308,Nonexempt,장치운전원,비대상,남
2022,31312,Nonexempt,장치운전원,비대상,남
2022,31328,Nonexempt,장치운전원,비대상,남
2022,31364,Nonexempt,장치운전원,비대상,남
2022,31397,Nonexempt,장치운전원,비대상,남
2022,31398,Nonexempt,장치운전원,비대상,남
2022,31402,Nonexempt,장치운전원,비대상,남
2022,31408,Nonexempt,Aromatic교대반장,비대상,남
2022,31429,Nonexempt,Aromatic교대반장,비대상,남
2022,31446,Nonexempt,장치운전원,비대상,남
2022,31455,Nonexempt,장치운전원,비대상,남
2022,31459,Nonexempt,장치운전원,비대상,남
2022,31529,Nonexempt,장치운전원,비대상,남
2022,31533,Nonexempt,장치운전원,비대상,남
2022,31537,Nonexempt,장치운전원,비대상,남
2022,31571,Nonexempt,Aromatic교관,비대상,남
2022,31572,Nonexempt,장치운전원,비대상,남
2022,31598,Nonexempt,장치운전원,비대상,남
2022,31644,Nonexempt,장치운전원,비대상,남
2022,31672,Nonexempt,장치운전원,비대상,남
2022,31678,Nonexempt,Aromatic교대반장,비대상,남
2022,31698,Nonexempt,장치운전원,비대상,남
2022,31721,Nonexempt,장치운전원,비대상,남
2022,31722,Nonexempt,Aromatic교대반장,비대상,남
2022,31723,Nonexempt,장치운전원,비대상,남
2022,31890,Nonexempt,장치운전원,비대상,남
2022,31894,Nonexempt,장치운전원,비대상,남
2022,31896,Nonexempt,장치운전원,비대상,남
2022,31897,Nonexempt,장치운전원,비대상,남
2022,31989,Nonexempt,장치운전원,비대상,남
2022,31990,Nonexempt,장치운전원,비대상,남
2022,31992,Nonexempt,장치운전원,비대상,남
2022,32217,Nonexempt,장치운전원,비대상,남
2022,32228,Nonexempt,장치운전원,비대상,남
2022,32232,Nonexempt,SHE Coordinator,비대상,남
2022,32235,Nonexempt,장치운전원,비대상,남
2022,32327,Nonexempt,장치운전원,비대상,남
2022,32378,Nonexempt,장치운전원,비대상,남
2022,32675,Nonexempt,장치운전원,비대상,남
2022,32726,Nonexempt,장치운전원,비대상,남
2022,32784,Manager,Aromatic생산2 PL,P,남
2022,32817,Nonexempt,장치운전원,비대상,남
2022,32818,Nonexempt,장치운전원,비대상,남
2022,32896,Nonexempt,장치운전원,비대상,남
2022,32901,Nonexempt,장치운전원,비대상,남
2022,32915,Nonexempt,장치운전원,비대상,남
2022,32919,Nonexempt,장치운전원,비대상,남
2022,32920,Nonexempt,장치운전원,비대상,남
2022,32921,Nonexempt,장치운전원,비대상,남
2022,32026,Nonexempt,장치운전원,비대상,남
2022,32032,Manager,Aromatic총반장,비대상,남
2022,32039,Nonexempt,장치운전원,비대상,남
2022,32040,Nonexempt,장치운전원,비대상,남
2022,32041,Nonexempt,Aromatic교관,비대상,남
2022,32042,Nonexempt,장치운전원,비대상,남
2022,32043,Nonexempt,장치운전원,비대상,남
2022,32044,Nonexempt,장치운전원,비대상,남
2022,32045,Nonexempt,장치운전원,비대상,남
2022,32054,Nonexempt,장치운전원,비대상,남
2022,32055,Nonexempt,장치운전원,비대상,남
2022,32056,Nonexempt,장치운전원,비대상,남
2022,32061,Nonexempt,장치운전원,비대상,남
2022,32063,Nonexempt,장치운전원,비대상,남
2022,32064,Nonexempt,장치운전원,비대상,남
2022,32074,Nonexempt,장치운전원,비대상,남
2022,32088,Nonexempt,Aromatic교대반장,비대상,남
2022,32093,Nonexempt,Aromatic교대반장,비대상,남
2022,32094,Nonexempt,장치운전원,비대상,남
2022,32095,Nonexempt,Aromatic교대반장,비대상,남
2022,32096,Nonexempt,장치운전원,비대상,남
2022,32098,Nonexempt,Aromatic교대반장,비대상,남
2022,32104,Nonexempt,장치운전원,비대상,남
2022,32105,Nonexempt,SHE Coordinator,비대상,남
2022,32243,Nonexempt,장치운전원,비대상,남
2022,32377,Nonexempt,장치운전원,비대상,남
2022,32669,Nonexempt,장치운전원,비대상,남
2022,32670,Nonexempt,장치운전원,비대상,남
2022,32688,Manager,Aromatic생산3 PL,P,남
2022,32722,Nonexempt,장치운전원,비대상,남
2022,32723,Nonexempt,장치운전원,비대상,남
2022,32819,Nonexempt,장치운전원,비대상,남
2022,32820,Nonexempt,장치운전원,비대상,남
2022,32821,Nonexempt,장치운전원,비대상,남
2022,32822,Nonexempt,장치운전원,비대상,남
2022,32898,Nonexempt,장치운전원,비대상,남
2022,32906,Nonexempt,장치운전원,비대상,남
2022,32910,Nonexempt,장치운전원,비대상,남
2022,32916,Nonexempt,장치운전원,비대상,남
2022,32917,Nonexempt,장치운전원,비대상,남
2022,32922,Nonexempt,장치운전원,비대상,남
2022,31086,Nonexempt,장치운전원,비대상,남
2022,31127,Nonexempt,장치운전원,비대상,남
2022,31217,Nonexempt,장치운전원,비대상,남
2022,31218,Nonexempt,Aromatic교관,비대상,남
2022,31233,Nonexempt,Aromatic총반장,비대상,남
2022,31345,Nonexempt,장치운전원,비대상,남
2022,31347,Nonexempt,장치운전원,비대상,남
2022,31406,Nonexempt,장치운전원,비대상,남
2022,31453,Nonexempt,Aromatic교대반장,비대상,남
2022,31458,Nonexempt,장치운전원,비대상,남
2022,31540,Nonexempt,장치운전원,비대상,남
2022,31563,Nonexempt,Aromatic교대반장,비대상,남
2022,31566,Nonexempt,장치운전원,비대상,남
2022,31619,Nonexempt,장치운전원,비대상,남
2022,31626,Nonexempt,Aromatic교대반장,비대상,남
2022,31645,Nonexempt,장치운전원,비대상,남
2022,31651,Nonexempt,장치운전원,비대상,남
2022,31656,Nonexempt,장치운전원,비대상,남
2022,31659,Nonexempt,Aromatic교대반장,비대상,남
2022,31674,Nonexempt,장치운전원,비대상,남
2022,31877,Nonexempt,장치운전원,비대상,남
2022,31895,Nonexempt,장치운전원,비대상,남
2022,32025,Nonexempt,장치운전원,비대상,남
2022,32033,Nonexempt,장치운전원,비대상,남
2022,32057,Nonexempt,장치운전원,비대상,남
2022,32089,Nonexempt,장치운전원,비대상,남
2022,32097,Nonexempt,SHE Coordinator,비대상,남
2022,32213,Nonexempt,장치운전원,비대상,남
2022,32222,Nonexempt,장치운전원,비대상,남
2022,32223,Nonexempt,장치운전원,비대상,남
2022,32233,Nonexempt,장치운전원,비대상,남
2022,32265,Nonexempt,장치운전원,비대상,남
2022,32309,Nonexempt,장치운전원,비대상,남
2022,32318,Nonexempt,장치운전원,비대상,남
2022,32470,Manager,Aromatic생산4 PL,P,남
2022,32724,Nonexempt,장치운전원,비대상,남
2022,32725,Nonexempt,장치운전원,비대상,남
2022,32823,Nonexempt,추후부여,비대상,남
2022,32824,Nonexempt,장치운전원,비대상,남
2022,32903,Nonexempt,장치운전원,비대상,남
2022,33111,Nonexempt,장치운전원,비대상,남
2022,30072,Executive,화학설비실장,비대상,남
2022,32895,Nonexempt,사무운영원,비대상,여
2022,31332,Nonexempt,기계진단반장,비대상,남
2022,32866,Nonexempt,정비감독,비대상,남
2022,32882,Manager,화학기계 PL,P,남
2022,32925,Nonexempt,정비감독,비대상,남
2022,32926,Nonexempt,정비감독,비대상,남
2022,32945,Nonexempt,정비감독,비대상,남
2022,32946,Manager,기계반장,비대상,남
2022,33021,Nonexempt,정비감독,비대상,남
2022,33022,Nonexempt,정비감독,비대상,남
2022,33024,Nonexempt,정비감독,비대상,남
2022,33025,Manager,정비감독,비대상,남
2022,33027,Nonexempt,정비감독,비대상,남
2022,33028,Nonexempt,정비감독,비대상,남
2022,33029,Nonexempt,정비감독,비대상,남
2022,33030,Nonexempt,기계반장,비대상,남
2022,33031,Nonexempt,기계반장,비대상,남
2022,33032,Nonexempt,기계반장,비대상,남
2022,33033,Nonexempt,정비감독,비대상,남
2022,33034,Nonexempt,정비감독,비대상,남
2022,33035,Nonexempt,정비감독,비대상,남
2022,33036,Nonexempt,정비감독,비대상,남
2022,33037,Nonexempt,정비감독,비대상,남
2022,33038,Nonexempt,정비감독,비대상,남
2022,33039,Nonexempt,정비감독,비대상,남
2022,33040,Nonexempt,정비감독,비대상,남
2022,33041,Nonexempt,정비감독,비대상,남
2022,33042,Manager,기계반장,비대상,남
2022,33043,Nonexempt,정비감독,비대상,남
2022,33044,Nonexempt,정비감독,비대상,남
2022,33045,Nonexempt,정비감독,비대상,남
2022,33046,Nonexempt,정비감독,비대상,남
2022,33047,Nonexempt,정비감독,비대상,남
2022,33048,Nonexempt,정비감독,비대상,남
2022,32879,Manager,화학장치 PL,P,남
2022,32927,Nonexempt,정비감독,비대상,남
2022,32947,Nonexempt,정비감독,비대상,남
2022,32948,Nonexempt,정비감독,비대상,남
2022,32949,Nonexempt,정비감독,비대상,남
2022,32950,Nonexempt,정비감독,비대상,남
2022,32951,Manager,장치반장,비대상,남
2022,32952,Nonexempt,정비감독,비대상,남
2022,32953,Nonexempt,정비감독,비대상,남
2022,32954,Nonexempt,정비감독,비대상,남
2022,33049,Nonexempt,정비감독,비대상,남
2022,33050,Nonexempt,정비감독,비대상,남
2022,33051,Nonexempt,정비감독,비대상,남
2022,33052,Nonexempt,장치반장,비대상,남
2022,33053,Nonexempt,정비감독,비대상,남
2022,33054,Nonexempt,장치반장,비대상,남
2022,33055,Nonexempt,정비감독,비대상,남
2022,33056,Nonexempt,정비감독,비대상,남
2022,33057,Nonexempt,정비감독,비대상,남
2022,33058,Nonexempt,정비감독,비대상,남
2022,33059,Nonexempt,정비감독,비대상,남
2022,33060,Nonexempt,장치반장,비대상,남
2022,33061,Nonexempt,정비감독,비대상,남
2022,33062,Nonexempt,정비감독,비대상,남
2022,33063,Manager,장치반장,비대상,남
2022,32884,Manager,화학검사 PL,P,남
2022,32955,Nonexempt,정비감독,비대상,남
2022,33012,Nonexempt,정비감독,비대상,남
2022,33013,Nonexempt,정비감독,비대상,남
2022,33014,Manager,검사반장,비대상,남
2022,33015,Nonexempt,정비감독,비대상,남
2022,33016,Nonexempt,정비감독,비대상,남
2022,33017,Nonexempt,정비감독,비대상,남
2022,33018,Nonexempt,검사반장,비대상,남
2022,33019,Nonexempt,정비감독,비대상,남
2022,33020,Nonexempt,정비감독,비대상,남
2022,31562,Nonexempt,정비감독,비대상,남
2022,32881,Manager,화학계기 PL,P,남
2022,32928,Nonexempt,정비감독,비대상,남
2022,32956,Nonexempt,정비감독,비대상,남
2022,32957,Nonexempt,정비감독,비대상,남
2022,32958,Nonexempt,정비감독,비대상,남
2022,32959,Nonexempt,정비감독,비대상,남
2022,32960,Nonexempt,정비감독,비대상,남
2022,32961,Nonexempt,정비감독,비대상,남
2022,32962,Nonexempt,정비감독,비대상,남
2022,32963,Nonexempt,정비감독,비대상,남
2022,32964,Nonexempt,정비감독,비대상,남
2022,32965,Manager,정비계획원,비대상,남
2022,32966,Nonexempt,정비감독,비대상,남
2022,32967,Nonexempt,정비계획원,비대상,남
2022,32968,Nonexempt,정비감독,비대상,남
2022,32969,Manager,계기반장,비대상,남
2022,32970,Nonexempt,계기반장,비대상,남
2022,32971,Nonexempt,정비감독,비대상,남
2022,32972,Nonexempt,정비감독,비대상,남
2022,32973,Nonexempt,정비감독,비대상,남
2022,32974,Manager,계기반장,비대상,남
2022,32975,Nonexempt,계기반장,비대상,남
2022,32976,Nonexempt,정비감독,비대상,남
2022,32977,Nonexempt,정비감독,비대상,남
2022,32978,Nonexempt,정비감독,비대상,남
2022,32979,Nonexempt,계기반장,비대상,남
2022,32980,Nonexempt,추후부여,비대상,남
2022,32981,Nonexempt,정비감독,비대상,남
2022,32982,Nonexempt,정비감독,비대상,남
2022,32983,Nonexempt,정비감독,비대상,남
2022,32984,Nonexempt,정비감독,비대상,남
2022,32985,Nonexempt,정비감독,비대상,남
2022,32986,Nonexempt,정비감독,비대상,남
2022,32987,Nonexempt,정비감독,비대상,남
2022,32988,Nonexempt,정비감독,비대상,남
2022,32989,Nonexempt,정비감독,비대상,남
2022,32990,Nonexempt,정비감독,비대상,남
2022,32991,Nonexempt,정비감독,비대상,남
2022,32992,Nonexempt,정비감독,비대상,남
2022,32993,Nonexempt,정비감독,비대상,남
2022,32994,Nonexempt,정비감독,비대상,남
2022,32995,Nonexempt,정비감독,비대상,남
2022,31350,Nonexempt,정비감독,비대상,남
2022,32772,Nonexempt,정비감독,비대상,남
2022,32867,Nonexempt,정비감독,비대상,남
2022,32883,Manager,화학전기 PL,P,남
2022,32929,Nonexempt,정비감독,비대상,남
2022,32996,Nonexempt,정비감독,비대상,남
2022,32997,Nonexempt,정비감독,비대상,남
2022,32998,Nonexempt,정비계획원,비대상,남
2022,32999,Nonexempt,전기반장,비대상,남
2022,33000,Nonexempt,정비계획원,비대상,남
2022,33001,Nonexempt,정비감독,비대상,남
2022,33002,Nonexempt,정비감독,비대상,남
2022,33003,Nonexempt,정비감독,비대상,남
2022,33004,Nonexempt,정비감독,비대상,남
2022,33005,Nonexempt,정비감독,비대상,남
2022,33006,Nonexempt,정비감독,비대상,남
2022,33007,Nonexempt,정비감독,비대상,남
2022,33008,Nonexempt,정비감독,비대상,남
2022,33009,Nonexempt,정비감독,비대상,남
2022,33010,Nonexempt,전기반장,비대상,남
2022,33011,Nonexempt,전기반장,비대상,남
2022,31199,Manager,공사감독,비대상,남
2022,32885,Manager,화학Project PL,P,남
2022,32924,Nonexempt,공사감독,비대상,남
2022,32930,Manager,공사감독,비대상,남
2022,32931,Nonexempt,공사감독,비대상,남
2022,32932,Manager,공사감독,비대상,남
2022,32933,Nonexempt,공사감독,비대상,남
2022,32934,Manager,공사감독,비대상,남
2022,32936,Nonexempt,공사감독,비대상,남
2022,32937,Nonexempt,공사감독,비대상,남
2022,32938,Manager,Project기사,P,남
2022,32939,Nonexempt,공사감독,비대상,남
2022,32940,Nonexempt,공사감독,비대상,남
2022,32942,Nonexempt,공사감독,비대상,남
2022,32943,Manager,Project기사,P,남
2022,33098,Manager,Project기사,P,남
2022,39265,Contractor,공사감독,비대상,남
2022,39266,Contractor,공사감독,비대상,남
2022,39267,Contractor,공사감독,비대상,남
2022,33069,Manager,Nexlene/IPA Project Squad PL,P,남
2022,33097,Manager,Project기사,P,남
2022,39237,Contractor,Project기사,P,남
2022,39268,Contractor,Project기사,P,남
2022,39269,Contractor,Project기사,P,남
2022,31089,Manager,안전관리원,비대상,남
2022,31909,Nonexempt,환경관리원,비대상,남
2022,31914,Nonexempt,안전관리원,비대상,남
2022,32052,Manager,환경관리원,비대상,남
2022,32081,Manager,안전관리원,비대상,남
2022,32103,Nonexempt,간호사,비대상,여
2022,32308,Nonexempt,환경관리원,비대상,남
2022,32320,Nonexempt,환경관리원,비대상,남
2022,32787,Nonexempt,환경관리원,비대상,남
2022,32874,Nonexempt,안전관리원,비대상,남
2022,32875,Nonexempt,안전관리원,비대상,남
2022,33125,Nonexempt,환경관리원,비대상,남
2022,39192,Contractor,산업간호사,비대상,여
2022,39241,Contractor,교육·훈련생,비대상,남
2022,39242,Contractor,교육·훈련생,비대상,남
2022,39243,Contractor,교육·훈련생,비대상,남
2022,39244,Contractor,교육·훈련생,비대상,남
2022,39245,Contractor,교육·훈련생,비대상,남
2022,39246,Contractor,교육·훈련생,비대상,남
2022,39247,Contractor,교육·훈련생,비대상,남
2022,39248,Contractor,교육·훈련생,비대상,남
2022,39249,Contractor,교육·훈련생,비대상,남
2022,39250,Contractor,교육·훈련생,비대상,남
2022,39251,Contractor,교육·훈련생,비대상,남
2022,39252,Contractor,교육·훈련생,비대상,남
2022,39253,Contractor,교육·훈련생,비대상,남
2022,39254,Contractor,교육·훈련생,비대상,남
2022,39255,Contractor,교육·훈련생,비대상,남
2022,39256,Contractor,교육·훈련생,비대상,남
2022,39257,Contractor,교육·훈련생,비대상,남
2022,39258,Contractor,교육·훈련생,비대상,남
2022,39259,Contractor,교육·훈련생,비대상,남
2022,39260,Contractor,교육·훈련생,비대상,남
2022,39261,Contractor,교육·훈련생,비대상,남
2022,39262,Contractor,교육·훈련생,비대상,남
2022,39263,Contractor,교육·훈련생,비대상,남
2022,39264,Contractor,교육·훈련생,비대상,남
2022,30058,Executive,전략본부장,비대상,남
2022,32685,Manager,법무원,S,남
2022,32871,Manager,SKGC Legal PL,S,남
2022,32873,Manager,법무원/변호사,S,남
2022,33089,Exempt,법무원/외국변호사,S,남
2022,33092,Manager,법무원/한국변호사,S,남
2022,33138,Manager,법무원/한국변호사,S,여
2022,33139,Manager,법무원/한국변호사,S,남
2022,39235,Contractor,법무원/외국변호사,S,여
2022,39272,Contractor,법무원/외국변호사,S,남
2022,32528,Exempt,투자기획원,S,남
2022,32622,Manager,투자기획원,S,남
2022,32677,Manager,F&S Chapter PL,S,남
2022,32850,Exempt,투자기획원,S,남
2022,32851,Manager,추후부여,비대상,여
2022,32854,Exempt,투자기획원,S,여
2022,31807,Manager,경영기획실장 직무대행,S,남
2022,31109,Manager,기획관리원,S,남
2022,31955,Manager,기획관리원,S,남
2022,31960,Manager,기획관리원,S,남
2022,32751,Manager,기획관리원,S,남
2022,32774,Exempt,기획관리원,S,남
2022,32778,Manager,기획관리원,S,여
2022,32886,Exempt,기획관리원,S,남
2022,33075,Exempt,기획관리원,S,남
2022,33095,Exempt,기획관리원,S,남
2022,31835,Nonexempt,기획운영원,비대상,여
2022,32620,Manager,기획관리원,S,남
2022,32624,Manager,DBL성과관리 Chapter PL,S,남
2022,32637,Nonexempt,신용관리운영원,비대상,여
2022,32853,Nonexempt,신용관리운영원,비대상,여
2022,32887,Exempt,기획관리원,S,여
2022,33074,Exempt,기획관리원,S,남
2022,33093,Exempt,성과관리원,S,여
2022,32856,Exempt,기획관리원,S,여
2022,32857,Exempt,기획관리원,S,여
2022,32880,Manager,ESG경영 Squad PL,S,남
2022,33141,Manager,기획관리원,S,여
2022,31926,Manager,C Square Squad PL,S,남
2022,31939,Manager,Comm 기획,S,여
2022,33094,Exempt,Communication기획원,S,남
2022,31358,Manager,동반성장 Squad PL,S,남
2022,31957,Manager,동반성장기획원,S,남
2022,31820,Nonexempt,최적운영원,비대상,여
2022,31850,Nonexempt,최적운영원,비대상,여
2022,31866,Manager,Optimization Chapter PL,S,남
2022,32498,Exempt,최적운영담당,S,남
2022,32554,Exempt,최적운영담당,S,남
2022,32562,Exempt,최적운영담당,S,여
2022,32888,Exempt,최적운영담당,S,여
2022,33103,Exempt,최적운영담당,S,남
2022,33143,Nonexempt,수급운영원,비대상,여
2022,31868,Manager,수급운영담당,S,남
2022,32512,Manager,납사수급운영,S,여
2022,32536,Manager,Feedstock Squad PL,S,남
2022,32615,Exempt,수급운영담당,S,남
2022,31609,Manager,Risk관리담당,S,남
2022,31846,Manager,시장분석담당,S,남
2022,31789,Manager,Net-zero추진 Squad PL,S,남
2022,32403,Manager,기획관리원,S,남
2022,32480,Exempt,기획관리원,S,남
2022,32006,Manager,DT기획,S,남
2022,32501,Manager,DT 기획,S,남
2022,32511,Manager,DT Chapter PL,S,남
2022,32714,Exempt,DT 기획,S,여
2022,32759,Manager,DT 기획,S,남
2022,33066,Exempt,DT기획원,S,남
2022,33068,Exempt,DT기획,S,남
2022,33104,Manager,DT기획,S,여
2022,32401,Manager,Marketing Platform Squad PL,S,남
2022,31745,Manager,화학물질/SHE 정책 대응 담당,S,남
2022,32449,Manager,Product Stewardship 담당,S,남
2022,32537,Manager,제품 사규 및 Audit 담당,S,남
2022,32779,Manager,Product Stewardship 담당,S,여
2022,33076,Manager,PRC CoE PL,S,남
2022,33102,Manager,Product Stewardship담당,S,남
2022,30042,Executive,중국사업본부장,비대상,남
2022,30062,Executive,중국경영기획실장,비대상,남
2022,32538,Manager,Project담당,S,남
2022,32839,Manager,재무 PL,S,남
2022,32777,Manager,HR지원1 PL,S,남
2022,32844,Exempt,기획원,S,남
2022,30064,Executive,중국사업개발실장,비대상,여
2022,32689,Manager,친환경소재사업개발 PL,S,남
2022,31797,Manager,중국마케팅실장,비대상,남
2022,31806,Manager,마케팅지원 Chapter PL,M,남
2022,31938,Manager,중국 Marketing,M,남
2022,31931,Manager,중국Packaging Solution PL,M,남
2022,30057,Executive,계획/최적화 부총경리,비대상,남
2022,31573,Nonexempt,안전환경 부부장,비대상,남
2022,31743,Manager,화공생산부장,P,남
2022,32683,Manager,재무부총경리,S,남
2022,32692,Manager,계획/최적화부장,P,남
2022,32693,Manager,안전환경부총경리,P,남
2022,32786,Manager,재무관리부부장,S,남
2022,33070,Exempt,자금관리원,비대상,여
2022,31845,Manager,The행복 PL,S,남
2022,31970,Manager,행복Designer,S,남
2022,32530,Exempt,행복Designer,S,여
2022,32609,Exempt,행복Designer,S,남
2022,32758,Nonexempt,행복Designer,비대상,여
2022,32764,Nonexempt,비서,비대상,여
2022,39274,Contractor,어학교육운영원,비대상,남
2022,39275,Contractor,어학교육운영원,비대상,여
2022,39276,Contractor,어학교육운영원,비대상,여
2022,39277,Contractor,어학교육운영원,비대상,남
2022,33101,Manager,최고정보보호책임자 CISO,비대상,남
2022,30050,Executive,경영자문위원,비대상,남
2022,30051,Executive,경영자문위원,비대상,남
2022,39533,Executive,경영자문위원,비대상,남
2022,39537,Executive,경영자문위원,비대상,남
2022,39539,Executive,경영자문위원,비대상,남
2022,30077,Executive,CSO,비대상,남
2022,32262,Manager,안전보건전담 Group PL,P,남
2022,32613,Exempt,안전보건전담기사,P,남
2023,30059,Executive,대표이사/사장,비대상,남
2023,32567,Manager,SKGC TS&D Center장,R,남
2023,30058,Executive,Material사업본부장,비대상,남
2023,30060,Executive,Project지원담당,비대상,남
2023,39190,Contractor,Tech지원담당,비대상,남
2023,30080,Executive,Basic Material사업부장,비대상,남
2023,31852,Nonexempt,BZ 전문Operator,비대상,여
2023,31892,Nonexempt,판매운영원,비대상,여
2023,31961,Nonexempt,판매운영원,비대상,여
2023,31975,Manager,기획관리원,M,여
2023,32147,Manager,Material사업지원 Chapter PL,M,남
2023,32183,Nonexempt,추후부여,비대상,여
2023,32281,Manager,사업지원담당,M,남
2023,32340,Nonexempt,용선 전문Operator,비대상,여
2023,32706,Nonexempt,판매운영원,비대상,여
2023,33152,Nonexempt,판매운영원,비대상,여
2023,33153,Manager,사업지원담당,M,남
2023,33158,Nonexempt,판매운영원,비대상,여
2023,33164,Exempt,사업지원담당,M,남
2023,33184,Nonexempt,판매운영원,비대상,여
2023,31791,Manager,Aromatic Marketer,M,남
2023,32438,Manager,Basic Material1 Squad PL,M,남
2023,33090,Exempt,Aromatic Marketer,M,남
2023,33174,Exempt,Aromatic Marketer,M,남
2023,33188,Exempt,Aromatic Marketer,M,여
2023,31969,Manager,Basic Material2 Squad PL,M,여
2023,32429,Exempt,Aromatic Marketer,M,남
2023,32892,Exempt,Aromatic Marketer,M,여
2023,33091,Manager,Aromatic Marketer,M,여
2023,32149,Manager,Trading Squad PL,M,남
2023,32005,Manager,Renewable Biz Squad PL,S,남
2023,32577,Manager,사업개발원,S,남
2023,32923,Manager,사업개발원,S,남
2023,31494,Manager,Production Management Coordinator,P,남
2023,31608,Manager,UAC 대표,S,남
2023,32452,Manager,UAC파견/Safety&Environment Team Leader,P,남
2023,32544,Manager,Planning & Coordination Coordinator,P,남
2023,32632,Manager,Management Support Team Leader,S,남
2023,30073,Executive,Eco Material사업부장,비대상,남
2023,31817,Nonexempt,판매운영원,비대상,여
2023,31827,Nonexempt,판매운영원,비대상,여
2023,31923,Manager,Account Marketer,M,여
2023,31972,Manager,Account Marketer,M,여
2023,32414,Manager,Green Feed Squad PL,M,남
2023,32679,Exempt,Account Marketer,M,남
2023,33160,Manager,Account Marketer,M,남
2023,33187,Exempt,Account Marketer,M,여
2023,31833,Nonexempt,판매운영원,비대상,여
2023,32185,Manager,Account Marketer,M,남
2023,32206,Nonexempt,판매운영원,비대상,여
2023,32272,Exempt,Account Marketer,M,여
2023,32412,Manager,Specialty Materials Squad PL,M,여
2023,32526,Exempt,Account Marketer,M,남
2023,33173,Manager,Account Marketer,M,남
2023,31748,Manager,Account Marketer,M,남
2023,31754,Manager,친환경Materials Squad PL,M,남
2023,31824,Nonexempt,판매운영원,비대상,여
2023,31834,Nonexempt,판매운영원,비대상,여
2023,32503,Nonexempt,판매운영원,비대상,여
2023,32763,Nonexempt,판매운영원,비대상,여
2023,32842,Exempt,Account Marketer,M,남
2023,33121,Exempt,Account Marketer,M,남
2023,33179,Exempt,Account Marketer,M,남
2023,31970,Manager,사업개발원,S,남
2023,32479,Exempt,사업개발원,S,여
2023,32491,Manager,사업개발원,S,남
2023,32518,Manager,R Infra Chapter PL,S,남
2023,32712,Manager,사업개발원,S,남
2023,32868,Exempt,사업개발원,S,남
2023,32891,Exempt,사업개발원,S,여
2023,33064,Manager,사업개발원,S,남
2023,32390,Exempt,추후부여,비대상,남
2023,32604,Exempt,Biz. Value-up 추진,S,남
2023,32878,Manager,사업개발원,S,남
2023,33167,Manager,사업개발원,S,남
2023,31689,Manager,G2C Chapter PL,S,남
2023,33137,Manager,Accounting,S,남
2023,31920,Manager,R-PET사업개발담당 직무대행,S,남
2023,32876,Exempt,사업개발원,S,여
2023,33215,Exempt,사업개발원,S,남
2023,33216,Manager,사업개발원,S,여
2023,31696,Manager,MR PET Squad PL,S,남
2023,32877,Manager,사업개발원,S,남
2023,33099,Manager,사업개발원,S,남
2023,31900,Manager,동경법인장,M,남
2023,32174,Exempt,Polymer담당,M,남
2023,31690,Manager,Bio-P Squad PL,S,남
2023,33100,Exempt,사업개발원,S,남
2023,33124,Exempt,사업개발원,S,여
2023,30068,Executive,Solution사업본부장,비대상,남
2023,32592,Manager,추후부여,비대상,남
2023,32582,Manager,Solution사업전략 Chapter PL,M,여
2023,32596,Exempt,사업기획원,M,남
2023,32753,Exempt,사업기획원,M,남
2023,32762,Exempt,사업기획원,M,남
2023,32893,Exempt,사업기획원,M,여
2023,33109,Exempt,사업기획원,M,남
2023,31798,Manager,Solution Optimization Chapter PL,M,남
2023,31836,Nonexempt,판매운영원,비대상,여
2023,31998,Manager,사업관리원,M,여
2023,32159,Manager,사업관리원,M,남
2023,32184,Nonexempt,판매운영원,비대상,여
2023,32284,Nonexempt,판매운영원,비대상,여
2023,32337,Nonexempt,판매운영원,비대상,여
2023,32542,Nonexempt,판매운영원,비대상,여
2023,32546,Nonexempt,판매운영원,비대상,여
2023,32699,Nonexempt,추후부여,비대상,여
2023,32705,Exempt,사업관리원,M,남
2023,32872,Exempt,사업관리원,M,남
2023,32894,Exempt,사업관리원,M,남
2023,33107,Exempt,사업관리원,M,남
2023,39328,Contractor,판매운영원,비대상,여
2023,30076,Executive,Packaging Solution사업부장,비대상,남
2023,32268,Exempt,Product Manager,M,남
2023,31605,Manager,시장개발원,M,남
2023,32136,Manager,시장개발원,M,남
2023,32509,Manager,F&B마케팅 Squad PL,M,남
2023,32765,Manager,시장개발원,M,남
2023,32869,Exempt,시장개발원,M,남
2023,32003,Manager,시장개발원,M,남
2023,32581,Manager,시장개발원,M,남
2023,32711,Exempt,시장개발원,M,남
2023,32776,Manager,C&I마케팅 Squad PL,M,남
2023,32889,Exempt,시장개발원,M,남
2023,31277,Manager,판매담당,M,남
2023,31489,Nonexempt,판매운영원,비대상,여
2023,31801,Manager,Packaging영업 Chapter PL,M,남
2023,32151,Manager,판매담당,M,남
2023,32195,Manager,판매담당,M,남
2023,32335,Manager,판매담당,M,남
2023,32343,Nonexempt,판매운영원,비대상,여
2023,32410,Manager,판매담당,M,남
2023,32516,Nonexempt,판매운영원,비대상,여
2023,32517,Nonexempt,판매운영원,비대상,여
2023,38994,Manager,판매담당,M,여
2023,31840,Manager,사업관리원,M,남
2023,30079,Executive,경량화Solution사업부장,비대상,남
2023,31814,Manager,Product Manager,M,남
2023,32199,Manager,원폴관리담당 PL,M,남
2023,32148,Manager,시장개발원,M,남
2023,32207,Nonexempt,판매운영원,비대상,여
2023,32543,Manager,추후부여,비대상,여
2023,32595,Manager,A&E마케팅 Squad PL,M,남
2023,33067,Exempt,시장개발원,M,남
2023,33108,Manager,시장개발원,M,남
2023,33110,Exempt,시장개발원,M,남
2023,33232,Manager,시장개발원,M,남
2023,39270,Contractor,판매운영원,비대상,여
2023,31285,Manager,시장개발원,M,남
2023,31688,Manager,시장개발원,M,남
2023,32579,Manager,시장개발원,M,남
2023,32580,Manager,시장개발원,M,남
2023,32583,Manager,New Solution마케팅 Squad PL,M,남
2023,32890,Exempt,시장개발원,M,남
2023,31924,Manager,시장개발원,S,남
2023,32406,Manager,R-PP Sourcing Squad PL,S,남
2023,33106,Exempt,시장개발원,S,남
2023,32249,Manager,시장개발원,M,남
2023,32785,Manager,Composite마케팅 Squad PL,M,남
2023,33140,Manager,시장개발원,M,남
2023,33142,Exempt,시장개발원,M,남
2023,31359,Manager,판매담당,M,남
2023,31831,Nonexempt,판매운영원,비대상,여
2023,31893,Exempt,경량화영업 Chapter PL,M,남
2023,31995,Manager,판매담당,M,남
2023,32301,Manager,판매담당,M,남
2023,32586,Nonexempt,판매운영원,비대상,여
2023,33105,Exempt,판매담당,M,남
2023,30071,Executive,R-PP사업개발담당,비대상,남
2023,32259,Manager,사업개발원,S,여
2023,32297,Manager,CR+ Squad PL,S,남
2023,32616,Exempt,사업개발원,S,남
2023,32840,Exempt,추후부여,비대상,여
2023,32855,Exempt,BM 개발,S,남
2023,32131,Manager,사업개발원,S,남
2023,32574,Manager,사업개발원,S,남
2023,32593,Manager,Project추진 Squad PL,S,남
2023,32849,Exempt,사업개발원,S,남
2023,30074,Executive,SK Functional Polymer 대표,비대상,남
2023,32690,Manager,DBL Strategy PL,S,여
2023,32760,Manager,재무/회계관리원,S,남
2023,32761,Manager,인력기획원,S,남
2023,32170,Manager,EMEA Sales PL,M,남
2023,31935,Manager,사업운영원,S,남
2023,32627,Manager,생산기술기사,P,남
2023,31495,Manager,SKGC Americas 대표,M,남
2023,33134,Exempt,생산기술기사,P,남
2023,32454,Manager,Operations Manager,P,남
2023,39279,Contractor,Supervisor,P,남
2023,33159,Manager,생산기술기사,P,남
2023,32009,Manager,Strategy Planning PL,M,남
2023,32144,Manager,Biz Development Manager,M,남
2023,32848,Manager,재무/회계관리원,S,남
2023,33169,Manager,인력기획원,S,남
2023,31753,Manager,SSNC COO,S,남
2023,39189,Contractor,SSNC CEO,비대상,남
2023,31585,Manager,KNC 대표,S,남
2023,31484,Nonexempt,Shipping,비대상,남
2023,32506,Manager,Accounting,S,남
2023,32507,Manager,SHE,비대상,남
2023,32590,Manager,Production Mgmt.,P,남
2023,31388,Nonexempt,추후부여,비대상,남
2023,31734,Nonexempt,추후부여,비대상,남
2023,31770,Nonexempt,추후부여,비대상,남
2023,31775,Nonexempt,추후부여,비대상,남
2023,31907,Nonexempt,추후부여,비대상,남
2023,32296,Exempt,추후부여,비대상,남
2023,32865,Exempt,추후부여,비대상,남
2023,39278,Contractor,Global Project Advisory,P,남
2023,31085,Manager,생산관리원,비대상,남
2023,31676,Nonexempt,생산관리원,비대상,남
2023,31738,Nonexempt,생산관리원,비대상,남
2023,32354,Nonexempt,생산관리원,비대상,남
2023,32368,Nonexempt,생산관리원,비대상,남
2023,32460,Manager,생산관리기사,P,남
2023,32481,Exempt,생산관리기사,P,남
2023,32533,Exempt,생산관리기사,P,남
2023,32781,Nonexempt,사무운영원,비대상,여
2023,32861,Exempt,생산관리기사,P,남
2023,33136,Exempt,생산관리기사,P,남
2023,33229,Exempt,생산관리기사,P,여
2023,31162,Nonexempt,실험원,비대상,남
2023,31163,Manager,실험총반장,비대상,남
2023,31238,Nonexempt,실험원,비대상,남
2023,31267,Nonexempt,실험원,비대상,남
2023,31299,Nonexempt,실험교대반장,비대상,남
2023,31300,Nonexempt,실험원,비대상,남
2023,31316,Nonexempt,실험원,비대상,남
2023,31354,Nonexempt,실험교대반장,비대상,남
2023,31355,Manager,실험교관,비대상,남
2023,31371,Nonexempt,실험원,비대상,남
2023,31372,Nonexempt,실험원,비대상,남
2023,31373,Nonexempt,실험교대반장,비대상,남
2023,31374,Nonexempt,실험원,비대상,남
2023,31375,Nonexempt,실험총반장,비대상,남
2023,31473,Nonexempt,실험교대반장,비대상,남
2023,31487,Nonexempt,실험교관,비대상,남
2023,31488,Nonexempt,실험원,비대상,남
2023,31503,Nonexempt,실험원,비대상,남
2023,31504,Nonexempt,실험원,비대상,남
2023,31505,Nonexempt,실험원,비대상,남
2023,31506,Nonexempt,실험원,비대상,남
2023,31513,Nonexempt,실험원,비대상,남
2023,31514,Nonexempt,실험교대반장,비대상,남
2023,31515,Nonexempt,실험교대반장,비대상,남
2023,31548,Nonexempt,실험원,비대상,남
2023,31552,Nonexempt,실험교대반장,비대상,남
2023,31724,Nonexempt,실험교대반장,비대상,남
2023,31764,Nonexempt,실험원,비대상,남
2023,31765,Nonexempt,실험원,비대상,남
2023,31778,Nonexempt,실험원,비대상,남
2023,31779,Nonexempt,실험원,비대상,남
2023,31786,Nonexempt,실험원,비대상,남
2023,31787,Nonexempt,실험원,비대상,남
2023,31788,Nonexempt,실험원,비대상,남
2023,32201,Manager,품질관리 Unit PL,P,여
2023,32362,Nonexempt,실험원,비대상,남
2023,32363,Nonexempt,실험원,비대상,남
2023,32366,Nonexempt,실험원,비대상,남
2023,32369,Nonexempt,실험원,비대상,남
2023,32380,Nonexempt,실험원,비대상,남
2023,32716,Nonexempt,실험원,비대상,남
2023,32788,Nonexempt,실험원,비대상,남
2023,32789,Nonexempt,추후부여,비대상,남
2023,32790,Nonexempt,실험원,비대상,남
2023,33115,Nonexempt,실험원,비대상,남
2023,33116,Nonexempt,실험원,비대상,남
2023,33117,Nonexempt,실험원,비대상,남
2023,33118,Nonexempt,실험원,비대상,남
2023,33191,Nonexempt,실험원,비대상,남
2023,33194,Nonexempt,실험원,비대상,남
2023,33199,Nonexempt,실험원,비대상,남
2023,39341,Contractor,실험원,P,남
2023,30081,Executive,ARC Project실장,비대상,남
2023,32885,Manager,ARC사업관리 Unit PL,P,남
2023,33172,Manager,Project기사,P,남
2023,33224,Nonexempt,사무운영원,비대상,여
2023,39324,Contractor,Project기사,P,남
2023,39332,Contractor,SHE관리원,비대상,남
2023,39335,Contractor,Project기사,P,남
2023,39339,Contractor,Project기사,P,남
2023,33218,Manager,Project기사,P,남
2023,33219,Manager,Project기사,P,남
2023,33220,Exempt,Project기사,P,남
2023,33225,Manager,ARC Project1 Unit PL,P,남
2023,39333,Contractor,Project기사,P,남
2023,33221,Manager,Project기사,P,남
2023,33226,Manager,ARC Project2 Unit PL,P,남
2023,39336,Contractor,Project기사,P,남
2023,33222,Exempt,Project기사,P,남
2023,33227,Manager,ARC Project3 Unit PL,P,남
2023,39334,Contractor,Project기사,P,남
2023,39338,Contractor,Project기사,P,남
2023,30075,Executive,G Square Tech센터장,비대상,남
2023,31134,Nonexempt,Global Tech기술원,비대상,남
2023,31149,Manager,Green Tech기술원,비대상,남
2023,31155,Nonexempt,Global Tech기술원,비대상,남
2023,31234,Nonexempt,Global Tech기술원,비대상,남
2023,31400,Nonexempt,Green Tech기술원,비대상,남
2023,31443,Nonexempt,Global Tech기술원,비대상,남
2023,31987,Nonexempt,Green Tech기술원,비대상,남
2023,31989,Nonexempt,Green Tech기술원,비대상,남
2023,32258,Nonexempt,Global Tech기술원,비대상,남
2023,33177,Nonexempt,사무운영원,비대상,여
2023,39340,Contractor,Global Tech기술원,P,남
2023,32456,Manager,생산기술기사,P,남
2023,32457,Manager,생산기술기사,P,남
2023,32474,Manager,생산기술기사,P,남
2023,32486,Manager,GT1 Squad PL,P,남
2023,32531,Exempt,생산기술기사,P,남
2023,32563,Exempt,생산기술기사,P,남
2023,32564,Exempt,생산기술기사,P,남
2023,32841,Manager,생산기술기사,P,남
2023,33083,Exempt,생산기술기사,P,남
2023,33120,Exempt,생산기술기사,P,여
2023,33147,Exempt,생산기술기사,P,여
2023,33190,Exempt,생산기술기사,P,남
2023,39325,Contractor,Green Tech기술원,P,남
2023,32495,Manager,GT2 Squad PL,P,남
2023,32707,Manager,Project기사,P,남
2023,32708,Exempt,생산기술기사,P,남
2023,32870,Exempt,생산기술기사,P,남
2023,33084,Exempt,생산기술기사,P,여
2023,33085,Exempt,생산기술기사,P,남
2023,33171,Exempt,생산기술기사,P,남
2023,33230,Exempt,생산기술기사,P,남
2023,33235,Manager,Project기사,P,남
2023,32487,Manager,GT3 Squad PL,P,남
2023,32709,Exempt,생산기술기사,P,남
2023,33073,Exempt,생산기술기사,P,남
2023,33189,Exempt,생산기술기사,P,남
2023,33231,Exempt,생산기술기사,P,남
2023,33096,Manager,#3 EAA Project Squad PL,P,남
2023,33133,Exempt,Project기사,P,남
2023,39238,Contractor,Project기사,P,남
2023,39271,Contractor,Project기사,P,남
2023,39273,Contractor,공사감독,P,남
2023,39282,Contractor,Project기사,P,남
2023,39342,Contractor,공사감독,비대상,남
2023,30070,Executive,Polymer공장장,비대상,남
2023,31208,Nonexempt,SHE관리원,비대상,남
2023,31232,Nonexempt,SHE관리원,비대상,남
2023,31273,Nonexempt,SHE관리원,비대상,남
2023,31310,Nonexempt,SHE관리원,비대상,남
2023,31550,Nonexempt,SHE관리반장,비대상,남
2023,31768,Nonexempt,SHE관리원,비대상,남
2023,33129,Nonexempt,SHE관리원,비대상,남
2023,33166,Nonexempt,사무운영원,비대상,여
2023,31080,Nonexempt,Polymer기술원,비대상,남
2023,31246,Nonexempt,Polymer기술원,비대상,남
2023,32162,Manager,생산기술기사,P,남
2023,32559,Exempt,생산기술기사,P,남
2023,32587,Manager,생산기술기사,P,남
2023,32611,Exempt,생산기술기사,P,남
2023,32628,Manager,Packaging&Automotive Tech Unit PL,P,남
2023,32697,Exempt,생산기술기사,P,남
2023,32863,Exempt,생산기술기사,P,남
2023,32864,Exempt,생산기술기사,P,여
2023,33065,Exempt,생산기술기사,P,남
2023,33071,Exempt,생산기술기사,P,남
2023,33086,Exempt,생산기술기사,P,여
2023,33087,Exempt,생산기술기사,P,남
2023,33088,Exempt,생산기술기사,P,남
2023,33135,Exempt,생산기술기사,P,남
2023,33144,Exempt,생산기술기사,P,남
2023,33148,Exempt,생산기술기사,P,남
2023,31133,Nonexempt,장치운전원,비대상,남
2023,31160,Nonexempt,장치운전원,비대상,남
2023,31248,Manager,HDPE총반장,비대상,남
2023,31249,Nonexempt,LLDPE교관,비대상,남
2023,31251,Nonexempt,장치운전원,비대상,남
2023,31253,Manager,HDPE교관,비대상,남
2023,31255,Nonexempt,장치운전원,비대상,남
2023,31262,Nonexempt,장치운전원,비대상,남
2023,31348,Nonexempt,장치운전원,비대상,남
2023,31410,Nonexempt,장치운전원,비대상,남
2023,31412,Nonexempt,LLDPE교대반장,비대상,남
2023,31414,Nonexempt,HDPE교대반장,비대상,남
2023,31423,Nonexempt,HDPE교대반장,비대상,남
2023,31425,Nonexempt,SHE Coordinator,비대상,남
2023,31427,Nonexempt,장치운전원,비대상,남
2023,31440,Nonexempt,장치운전원,비대상,남
2023,31441,Nonexempt,LLDPE총반장,비대상,남
2023,31549,Nonexempt,LLDPE교대반장,비대상,남
2023,31561,Nonexempt,추후부여,비대상,남
2023,31592,Nonexempt,장치운전원,비대상,남
2023,31663,Nonexempt,장치운전원,비대상,남
2023,31685,Nonexempt,LLDPE교대반장,비대상,남
2023,31686,Nonexempt,HDPE교대반장,비대상,남
2023,31687,Nonexempt,장치운전원,비대상,남
2023,31707,Nonexempt,장치운전원,비대상,남
2023,31727,Nonexempt,장치운전원,비대상,남
2023,31730,Nonexempt,장치운전원,비대상,남
2023,31731,Nonexempt,LLDPE교대반장,비대상,남
2023,31732,Nonexempt,장치운전원,비대상,남
2023,31733,Nonexempt,장치운전원,비대상,남
2023,31746,Manager,PE생산 Unit PL,P,남
2023,31769,Nonexempt,SHE Coordinator,비대상,남
2023,31782,Nonexempt,장치운전원,비대상,남
2023,31784,Nonexempt,HDPE교대반장,비대상,남
2023,31903,Nonexempt,장치운전원,비대상,남
2023,31904,Nonexempt,장치운전원,비대상,남
2023,31912,Nonexempt,장치운전원,비대상,남
2023,31913,Nonexempt,장치운전원,비대상,남
2023,31916,Nonexempt,장치운전원,비대상,남
2023,32129,Nonexempt,장치운전원,비대상,남
2023,32216,Nonexempt,장치운전원,비대상,남
2023,32219,Nonexempt,장치운전원,비대상,남
2023,32239,Nonexempt,장치운전원,비대상,남
2023,32240,Nonexempt,장치운전원,비대상,남
2023,32244,Nonexempt,장치운전원,비대상,남
2023,32310,Nonexempt,장치운전원,비대상,남
2023,32321,Nonexempt,장치운전원,비대상,남
2023,32325,Nonexempt,장치운전원,비대상,남
2023,32370,Nonexempt,장치운전원,비대상,남
2023,32381,Nonexempt,장치운전원,비대상,남
2023,32597,Nonexempt,장치운전원,비대상,남
2023,32671,Nonexempt,장치운전원,비대상,남
2023,32672,Nonexempt,장치운전원,비대상,남
2023,32741,Nonexempt,추후부여,비대상,남
2023,32742,Nonexempt,장치운전원,비대상,남
2023,32747,Nonexempt,장치운전원,비대상,남
2023,32825,Nonexempt,장치운전원,비대상,남
2023,32826,Nonexempt,장치운전원,비대상,남
2023,32827,Nonexempt,장치운전원,비대상,남
2023,32828,Nonexempt,추후부여,비대상,남
2023,32829,Nonexempt,장치운전원,비대상,남
2023,32897,Nonexempt,장치운전원,비대상,남
2023,33192,Nonexempt,장치운전원,비대상,남
2023,33200,Nonexempt,장치운전원,비대상,남
2023,31087,Nonexempt,장치운전원,비대상,남
2023,31256,Nonexempt,장치운전원,비대상,남
2023,31260,Nonexempt,장치운전원,비대상,남
2023,31274,Nonexempt,장치운전원,비대상,남
2023,31349,Nonexempt,장치운전원,비대상,남
2023,31380,Nonexempt,장치운전원,비대상,남
2023,31387,Nonexempt,장치운전원,비대상,남
2023,31393,Nonexempt,장치운전원,비대상,남
2023,31424,Nonexempt,장치운전원,비대상,남
2023,31426,Nonexempt,장치운전원,비대상,남
2023,31430,Nonexempt,SHE Coordinator,비대상,남
2023,31438,Nonexempt,장치운전원,비대상,남
2023,31439,Nonexempt,PP총반장,비대상,남
2023,31442,Nonexempt,장치운전원,비대상,남
2023,31465,Nonexempt,PP교관,비대상,남
2023,31516,Nonexempt,장치운전원,비대상,남
2023,31574,Nonexempt,장치운전원,비대상,남
2023,31627,Nonexempt,PP교대반장,비대상,남
2023,31628,Nonexempt,장치운전원,비대상,남
2023,31665,Nonexempt,PP교대반장,비대상,남
2023,31667,Nonexempt,장치운전원,비대상,남
2023,31737,Nonexempt,PP교대반장,비대상,남
2023,31739,Nonexempt,장치운전원,비대상,남
2023,31740,Nonexempt,장치운전원,비대상,남
2023,31899,Nonexempt,PP교대반장,비대상,남
2023,32215,Nonexempt,장치운전원,비대상,남
2023,32224,Nonexempt,장치운전원,비대상,남
2023,32230,Nonexempt,장치운전원,비대상,남
2023,32237,Nonexempt,장치운전원,비대상,남
2023,32245,Nonexempt,장치운전원,비대상,남
2023,32306,Nonexempt,장치운전원,비대상,남
2023,32314,Nonexempt,장치운전원,비대상,남
2023,32588,Manager,PP생산 Unit PL,P,남
2023,32673,Nonexempt,장치운전원,비대상,남
2023,32674,Nonexempt,장치운전원,비대상,남
2023,32744,Nonexempt,장치운전원,비대상,남
2023,32745,Nonexempt,장치운전원,비대상,남
2023,32746,Nonexempt,장치운전원,비대상,남
2023,32830,Nonexempt,장치운전원,비대상,남
2023,32831,Nonexempt,장치운전원,비대상,남
2023,32832,Nonexempt,장치운전원,비대상,남
2023,32909,Nonexempt,장치운전원,비대상,남
2023,32918,Nonexempt,장치운전원,비대상,남
2023,31351,Nonexempt,물류운전원,비대상,남
2023,31353,Nonexempt,물류운전원,비대상,남
2023,31394,Nonexempt,물류관리원,비대상,남
2023,31447,Nonexempt,물류교대반장,비대상,남
2023,31483,Nonexempt,물류운전원,비대상,남
2023,31485,Nonexempt,물류교대반장,비대상,남
2023,31517,Nonexempt,생산관리원,비대상,남
2023,31518,Nonexempt,물류운전원,비대상,남
2023,31528,Nonexempt,물류운전원,비대상,남
2023,31536,Nonexempt,물류운전원,비대상,남
2023,31568,Nonexempt,물류교대반장,비대상,남
2023,31661,Nonexempt,물류교관,비대상,남
2023,31725,Nonexempt,물류운전원,비대상,남
2023,31726,Nonexempt,물류총반장,비대상,남
2023,31766,Nonexempt,물류교대반장,비대상,남
2023,31781,Nonexempt,물류출하반장,비대상,남
2023,31783,Nonexempt,생산관리원,비대상,남
2023,31905,Nonexempt,물류운전원,비대상,남
2023,32126,Manager,Polymer운영 Unit PL,P,남
2023,32238,Nonexempt,물류운전원,비대상,남
2023,32261,Exempt,생산관리기사,P,남
2023,32502,Manager,생산관리기사,P,남
2023,32710,Nonexempt,출하운영원,비대상,여
2023,32743,Nonexempt,물류운전원,비대상,남
2023,32833,Nonexempt,물류운전원,비대상,남
2023,32834,Nonexempt,생산관리원,비대상,남
2023,32835,Nonexempt,SHE Coordinator,비대상,남
2023,32905,Nonexempt,물류운전원,비대상,여
2023,31138,Nonexempt,NDP운영반장,비대상,남
2023,31254,Nonexempt,장치운전원,비대상,남
2023,31352,Nonexempt,장치운전원,비대상,남
2023,31383,Nonexempt,장치운전원,비대상,남
2023,31512,Nonexempt,장치운전원,비대상,남
2023,31666,Nonexempt,장치운전원,비대상,남
2023,31684,Nonexempt,장치운전원,비대상,남
2023,31728,Nonexempt,장치운전원,비대상,남
2023,31911,Nonexempt,장치운전원,비대상,남
2023,31915,Nonexempt,장치운전원,비대상,남
2023,31258,Nonexempt,Nexlene교대반장,비대상,남
2023,31259,Nonexempt,Nexlene총반장,비대상,남
2023,31401,Nonexempt,Nexlene교대반장,비대상,남
2023,31435,Nonexempt,장치운전원,비대상,남
2023,31437,Nonexempt,Nexlene교대반장,비대상,남
2023,31577,Nonexempt,Nexlene교대반장,비대상,남
2023,31578,Nonexempt,장치운전원,비대상,남
2023,31629,Nonexempt,장치운전원,비대상,남
2023,31664,Nonexempt,SHE Coordinator,비대상,남
2023,31729,Nonexempt,장치운전원,비대상,남
2023,31735,Nonexempt,물류운전원,비대상,남
2023,31736,Nonexempt,장치운전원,비대상,남
2023,31767,Nonexempt,장치운전원,비대상,남
2023,31882,Nonexempt,장치운전원,비대상,남
2023,31906,Nonexempt,장치운전원,비대상,남
2023,31908,Nonexempt,장치운전원,비대상,남
2023,31910,Nonexempt,장치운전원,비대상,남
2023,32211,Nonexempt,장치운전원,비대상,남
2023,32218,Nonexempt,장치운전원,비대상,남
2023,32241,Nonexempt,장치운전원,비대상,남
2023,32254,Nonexempt,Nexlene교관,비대상,남
2023,32255,Nonexempt,장치운전원,비대상,남
2023,32256,Nonexempt,장치운전원,비대상,남
2023,32257,Nonexempt,장치운전원,비대상,남
2023,32302,Nonexempt,장치운전원,비대상,남
2023,32535,Manager,Nexlene생산 Unit PL,P,남
2023,32727,Nonexempt,장치운전원,비대상,남
2023,32728,Nonexempt,장치운전원,비대상,남
2023,32729,Nonexempt,장치운전원,비대상,남
2023,32730,Nonexempt,장치운전원,비대상,남
2023,32731,Nonexempt,장치운전원,비대상,남
2023,32836,Nonexempt,장치운전원,비대상,남
2023,32837,Nonexempt,장치운전원,비대상,남
2023,32904,Nonexempt,장치운전원,비대상,남
2023,32911,Nonexempt,장치운전원,비대상,남
2023,33208,Nonexempt,장치운전원,비대상,남
2023,30066,Executive,Olefin공장장,비대상,남
2023,31148,Nonexempt,SHE관리원,비대상,남
2023,31646,Manager,SHE관리반장,비대상,남
2023,32371,Nonexempt,SHE관리원,비대상,남
2023,32756,Nonexempt,장치운전원,비대상,남
2023,32780,Nonexempt,사무운영원,비대상,여
2023,33126,Nonexempt,SHE관리원,비대상,남
2023,33127,Nonexempt,SHE관리원,비대상,남
2023,33128,Nonexempt,SHE관리원,비대상,남
2023,31177,Nonexempt,Olefin기술원,비대상,남
2023,32339,Manager,생산기술기사,P,남
2023,32437,Manager,Basic Chemical Tech1 Unit PL,P,남
2023,32455,Manager,생산기술기사,P,남
2023,32603,Exempt,생산기술기사,P,남
2023,32695,Exempt,생산기술기사,P,남
2023,32843,Exempt,생산기술기사,P,남
2023,32858,Exempt,생산기술기사,P,남
2023,32859,Exempt,생산기술기사,P,여
2023,33077,Exempt,생산기술기사,P,남
2023,33078,Exempt,생산기술기사,P,여
2023,33079,Exempt,생산기술기사,P,남
2023,33145,Exempt,생산기술기사,P,여
2023,33146,Exempt,생산기술기사,P,남
2023,31141,Nonexempt,장치운전원,비대상,남
2023,31150,Nonexempt,장치운전원,비대상,남
2023,31302,Manager,Olefin총반장,비대상,남
2023,31304,Nonexempt,장치운전원,비대상,남
2023,31305,Nonexempt,장치운전원,비대상,남
2023,31319,Nonexempt,장치운전원,비대상,남
2023,31341,Nonexempt,장치운전원,비대상,남
2023,31342,Nonexempt,장치운전원,비대상,남
2023,31404,Nonexempt,장치운전원,비대상,남
2023,31405,Nonexempt,Olefin교대반장,비대상,남
2023,31420,Nonexempt,장치운전원,비대상,남
2023,31452,Nonexempt,장치운전원,비대상,남
2023,31551,Nonexempt,장치운전원,비대상,남
2023,31553,Nonexempt,Olefin교대반장,비대상,남
2023,31570,Nonexempt,Olefin교대반장,비대상,남
2023,31594,Nonexempt,Olefin교대반장,비대상,남
2023,31616,Nonexempt,장치운전원,비대상,남
2023,31618,Nonexempt,장치운전원,비대상,남
2023,31622,Nonexempt,장치운전원,비대상,남
2023,31642,Nonexempt,장치운전원,비대상,남
2023,31643,Nonexempt,장치운전원,비대상,남
2023,31671,Nonexempt,장치운전원,비대상,남
2023,31673,Nonexempt,Olefin교관,비대상,남
2023,31677,Nonexempt,장치운전원,비대상,남
2023,31719,Nonexempt,장치운전원,비대상,남
2023,31985,Nonexempt,SHE Coordinator,비대상,남
2023,31986,Nonexempt,장치운전원,비대상,남
2023,31991,Nonexempt,장치운전원,비대상,남
2023,32225,Nonexempt,장치운전원,비대상,남
2023,32311,Nonexempt,장치운전원,비대상,남
2023,32360,Nonexempt,장치운전원,비대상,남
2023,32687,Manager,Olefin생산1 Unit PL,P,남
2023,32732,Nonexempt,장치운전원,비대상,남
2023,32793,Nonexempt,장치운전원,비대상,남
2023,32795,Nonexempt,장치운전원,비대상,남
2023,33205,Nonexempt,장치운전원,비대상,남
2023,31137,Nonexempt,Olefin총반장,비대상,남
2023,31215,Nonexempt,장치운전원,비대상,남
2023,31227,Nonexempt,장치운전원,비대상,남
2023,31231,Nonexempt,장치운전원,비대상,남
2023,31326,Nonexempt,장치운전원,비대상,남
2023,31379,Nonexempt,장치운전원,비대상,남
2023,31421,Nonexempt,Olefin교대반장,비대상,남
2023,31451,Nonexempt,장치운전원,비대상,남
2023,31454,Nonexempt,Olefin교대반장,비대상,남
2023,31457,Nonexempt,장치운전원,비대상,남
2023,31521,Nonexempt,장치운전원,비대상,남
2023,31524,Nonexempt,장치운전원,비대상,남
2023,31532,Nonexempt,장치운전원,비대상,남
2023,31582,Nonexempt,장치운전원,비대상,남
2023,31590,Nonexempt,장치운전원,비대상,남
2023,31591,Nonexempt,장치운전원,비대상,남
2023,31637,Nonexempt,Olefin교대반장,비대상,남
2023,31647,Nonexempt,Olefin교관,비대상,남
2023,31648,Nonexempt,장치운전원,비대상,남
2023,31680,Nonexempt,Olefin교대반장,비대상,남
2023,31785,Nonexempt,장치운전원,비대상,남
2023,31876,Nonexempt,장치운전원,비대상,남
2023,31878,Nonexempt,장치운전원,비대상,남
2023,31880,Nonexempt,장치운전원,비대상,남
2023,31901,Nonexempt,분해로운영반장,비대상,남
2023,31942,Nonexempt,장치운전원,비대상,남
2023,31943,Nonexempt,장치운전원,비대상,남
2023,31988,Nonexempt,SHE Coordinator,비대상,남
2023,32212,Nonexempt,장치운전원,비대상,남
2023,32356,Nonexempt,장치운전원,비대상,남
2023,32361,Nonexempt,장치운전원,비대상,남
2023,32364,Nonexempt,장치운전원,비대상,남
2023,32367,Nonexempt,장치운전원,비대상,남
2023,32376,Nonexempt,장치운전원,비대상,남
2023,32453,Manager,Olefin생산2 Unit PL,P,남
2023,32659,Nonexempt,장치운전원,비대상,남
2023,32733,Nonexempt,장치운전원,비대상,남
2023,32734,Nonexempt,장치운전원,비대상,남
2023,32735,Nonexempt,장치운전원,비대상,남
2023,32797,Nonexempt,장치운전원,비대상,남
2023,32798,Nonexempt,장치운전원,비대상,남
2023,32799,Nonexempt,장치운전원,비대상,남
2023,32800,Nonexempt,장치운전원,비대상,남
2023,32801,Nonexempt,장치운전원,비대상,남
2023,32802,Nonexempt,장치운전원,비대상,남
2023,33112,Nonexempt,장치운전원,비대상,남
2023,33113,Nonexempt,장치운전원,비대상,남
2023,33114,Nonexempt,장치운전원,비대상,남
2023,33195,Nonexempt,장치운전원,비대상,남
2023,33209,Nonexempt,장치운전원,비대상,남
2023,33212,Nonexempt,장치운전원,비대상,남
2023,33213,Nonexempt,장치운전원,비대상,남
2023,31153,Nonexempt,장치운전원,비대상,남
2023,31210,Nonexempt,Olefin교관,비대상,남
2023,31309,Nonexempt,Olefin교관,비대상,남
2023,31321,Nonexempt,Olefin총반장,비대상,남
2023,31322,Nonexempt,장치운전원,비대상,남
2023,31327,Nonexempt,장치운전원,비대상,남
2023,31415,Nonexempt,장치운전원,비대상,남
2023,31456,Nonexempt,장치운전원,비대상,남
2023,31486,Nonexempt,출하운영원,비대상,남
2023,31522,Nonexempt,Olefin총반장,비대상,남
2023,31541,Nonexempt,장치운전원,비대상,남
2023,31542,Nonexempt,장치운전원,비대상,남
2023,31557,Nonexempt,SHE Coordinator,비대상,남
2023,31569,Nonexempt,Olefin교대반장,비대상,남
2023,31579,Nonexempt,장치운전원,비대상,남
2023,31615,Nonexempt,Olefin교대반장,비대상,남
2023,31621,Nonexempt,Olefin교대반장,비대상,남
2023,31631,Nonexempt,장치운전원,비대상,남
2023,31641,Nonexempt,장치운전원,비대상,남
2023,31649,Nonexempt,Olefin교대반장,비대상,남
2023,31652,Nonexempt,Olefin교대반장,비대상,남
2023,31670,Nonexempt,장치운전원,비대상,남
2023,31679,Nonexempt,장치운전원,비대상,남
2023,31682,Nonexempt,Olefin교대반장,비대상,남
2023,31683,Nonexempt,저장·출하운영반장,비대상,남
2023,31697,Nonexempt,장치운전원,비대상,남
2023,31774,Nonexempt,SHE Coordinator,비대상,남
2023,31776,Nonexempt,Olefin교대반장,비대상,남
2023,31777,Nonexempt,Olefin교대반장,비대상,남
2023,31874,Nonexempt,장치운전원,비대상,남
2023,31879,Nonexempt,장치운전원,비대상,남
2023,31881,Nonexempt,장치운전원,비대상,남
2023,31941,Nonexempt,장치운전원,비대상,남
2023,31945,Nonexempt,장치운전원,비대상,남
2023,32125,Nonexempt,장치운전원,비대상,남
2023,32316,Nonexempt,장치운전원,비대상,남
2023,32329,Nonexempt,추후부여,비대상,남
2023,32355,Nonexempt,장치운전원,비대상,남
2023,32357,Nonexempt,장치운전원,비대상,남
2023,32358,Nonexempt,장치운전원,비대상,남
2023,32382,Nonexempt,장치운전원,비대상,남
2023,32397,Nonexempt,장치운전원,비대상,남
2023,32485,Manager,Olefin생산3 Unit PL,P,남
2023,32660,Nonexempt,장치운전원,비대상,남
2023,32661,Nonexempt,장치운전원,비대상,남
2023,32736,Nonexempt,장치운전원,비대상,남
2023,32737,Nonexempt,장치운전원,비대상,남
2023,32791,Nonexempt,장치운전원,비대상,남
2023,32792,Nonexempt,장치운전원,비대상,남
2023,32796,Nonexempt,장치운전원,비대상,남
2023,32803,Nonexempt,장치운전원,비대상,남
2023,32804,Nonexempt,장치운전원,비대상,남
2023,32805,Nonexempt,장치운전원,비대상,남
2023,32806,Nonexempt,장치운전원,비대상,남
2023,32807,Nonexempt,장치운전원,비대상,남
2023,32808,Nonexempt,장치운전원,비대상,남
2023,32899,Nonexempt,장치운전원,비대상,남
2023,32912,Nonexempt,장치운전원,비대상,남
2023,32914,Nonexempt,장치운전원,비대상,남
2023,33193,Nonexempt,장치운전원,비대상,남
2023,33196,Nonexempt,장치운전원,비대상,남
2023,33206,Nonexempt,장치운전원,비대상,남
2023,33207,Nonexempt,장치운전원,비대상,남
2023,31090,Nonexempt,저유운전원,비대상,남
2023,31214,Nonexempt,장치운전원,비대상,남
2023,31263,Manager,Olefin교관,비대상,남
2023,31265,Nonexempt,저유운전원,비대상,남
2023,31266,Nonexempt,NCC운영반장,비대상,남
2023,31295,Nonexempt,장치운전원,비대상,남
2023,31303,Nonexempt,Olefin총반장,비대상,남
2023,31307,Nonexempt,장치운전원,비대상,남
2023,31318,Nonexempt,장치운전원,비대상,남
2023,31320,Nonexempt,장치운전원,비대상,남
2023,31323,Nonexempt,저유운전원,비대상,남
2023,31384,Nonexempt,Olefin교대반장,비대상,남
2023,31385,Nonexempt,장치운전원,비대상,남
2023,31386,Manager,운영총반장,비대상,남
2023,31409,Nonexempt,저유운전원,비대상,남
2023,31431,Nonexempt,저유운전원,비대상,남
2023,31461,Nonexempt,장치운전원,비대상,남
2023,31462,Nonexempt,운영교대반장,비대상,남
2023,31463,Nonexempt,저유운전원,비대상,남
2023,31558,Nonexempt,저유운전원,비대상,남
2023,31559,Nonexempt,운영교관,비대상,남
2023,31560,Nonexempt,장치운전원,비대상,남
2023,31575,Nonexempt,장치운전원,비대상,남
2023,31576,Nonexempt,장치운전원,비대상,남
2023,31581,Nonexempt,Olefin교대반장,비대상,남
2023,31593,Nonexempt,저유운전원,비대상,남
2023,31614,Nonexempt,저유운전원,비대상,남
2023,31617,Nonexempt,Olefin교대반장,비대상,남
2023,31620,Nonexempt,장치운전원,비대상,남
2023,31630,Nonexempt,운영교대반장,비대상,남
2023,31639,Nonexempt,SHE Coordinator,비대상,남
2023,31640,Nonexempt,운영교대반장,비대상,남
2023,31675,Nonexempt,Olefin교대반장,비대상,남
2023,31718,Nonexempt,장치운전원,비대상,남
2023,31773,Nonexempt,장치운전원,비대상,남
2023,31780,Nonexempt,운영교대반장,비대상,남
2023,31883,Nonexempt,장치운전원,비대상,남
2023,32209,Nonexempt,저유운전원,비대상,남
2023,32226,Nonexempt,저유운전원,비대상,남
2023,32231,Nonexempt,장치운전원,비대상,남
2023,32351,Nonexempt,장치운전원,비대상,남
2023,32352,Nonexempt,장치운전원,비대상,남
2023,32353,Nonexempt,장치운전원,비대상,남
2023,32375,Nonexempt,장치운전원,비대상,남
2023,32379,Nonexempt,SHE Coordinator,비대상,남
2023,32462,Manager,PC생산·출하 Unit PL,P,남
2023,32662,Nonexempt,장치운전원,비대상,남
2023,32663,Nonexempt,저유운전원,비대상,남
2023,32664,Nonexempt,저유운전원,비대상,남
2023,32738,Nonexempt,저유운전원,비대상,남
2023,32739,Nonexempt,저유운전원,비대상,남
2023,32740,Nonexempt,저유운전원,비대상,남
2023,32794,Nonexempt,저유운전원,비대상,남
2023,32809,Nonexempt,장치운전원,비대상,남
2023,32810,Nonexempt,장치운전원,비대상,남
2023,32811,Nonexempt,저유운전원,비대상,남
2023,32812,Nonexempt,저유운전원,비대상,남
2023,32902,Nonexempt,장치운전원,비대상,남
2023,39281,Contractor,저유운전원,P,남
2023,31081,Nonexempt,생산관리원,비대상,남
2023,31343,Nonexempt,SHE관리원,비대상,남
2023,32061,Nonexempt,SHE관리원,비대상,남
2023,32062,Manager,SHE관리반장,비대상,남
2023,32568,Manager,Aromatic공장장 직무대행,P,남
2023,33123,Nonexempt,사무운영원,비대상,여
2023,33130,Nonexempt,SHE관리원,비대상,남
2023,33131,Nonexempt,SHE관리원,비대상,남
2023,33132,Nonexempt,SHE관리원,비대상,남
2023,31221,Nonexempt,Aromatic기술원,비대상,남
2023,32417,Exempt,생산기술기사,P,남
2023,32425,Manager,생산기술기사,P,남
2023,32470,Manager,Basic Chemical Tech2 Unit PL,P,남
2023,32614,Exempt,생산기술기사,P,남
2023,32686,Exempt,생산기술기사,P,남
2023,32698,Exempt,생산기술기사,P,남
2023,32860,Exempt,생산기술기사,P,남
2023,32862,Exempt,생산기술기사,P,여
2023,33080,Exempt,생산기술기사,P,남
2023,33081,Exempt,생산기술기사,P,여
2023,33082,Exempt,생산기술기사,P,남
2023,33119,Exempt,생산기술기사,P,남
2023,33175,Exempt,생산기술기사,P,남
2023,31126,Nonexempt,장치운전원,비대상,남
2023,31205,Nonexempt,장치운전원,비대상,남
2023,31212,Nonexempt,장치운전원,비대상,남
2023,31311,Nonexempt,장치운전원,비대상,남
2023,31344,Nonexempt,장치운전원,비대상,남
2023,31346,Nonexempt,장치운전원,비대상,남
2023,31382,Nonexempt,장치운전원,비대상,남
2023,31399,Nonexempt,장치운전원,비대상,남
2023,31407,Nonexempt,장치운전원,비대상,남
2023,31422,Nonexempt,장치운전원,비대상,남
2023,31460,Nonexempt,장치운전원,비대상,남
2023,31464,Nonexempt,장치운전원,비대상,남
2023,31475,Nonexempt,장치운전원,비대상,남
2023,31476,Nonexempt,장치운전원,비대상,남
2023,31530,Nonexempt,장치운전원,비대상,남
2023,31580,Nonexempt,Aromatic총반장,비대상,남
2023,31624,Nonexempt,장치운전원,비대상,남
2023,31632,Nonexempt,Aromatic교대반장,비대상,남
2023,31635,Nonexempt,Aromatic교관,비대상,남
2023,31653,Nonexempt,장치운전원,비대상,남
2023,31654,Nonexempt,Aromatic교대반장,비대상,남
2023,31655,Nonexempt,장치운전원,비대상,남
2023,31658,Nonexempt,장치운전원,비대상,남
2023,31660,Nonexempt,Aromatic교대반장,비대상,남
2023,31720,Nonexempt,장치운전원,비대상,남
2023,31763,Nonexempt,Aromatic교대반장,비대상,남
2023,31875,Nonexempt,장치운전원,비대상,남
2023,31885,Nonexempt,장치운전원,비대상,남
2023,31886,Nonexempt,장치운전원,비대상,남
2023,31887,Nonexempt,장치운전원,비대상,남
2023,32210,Nonexempt,장치운전원,비대상,남
2023,32220,Nonexempt,장치운전원,비대상,남
2023,32246,Nonexempt,SHE Coordinator,비대상,남
2023,32372,Nonexempt,장치운전원,비대상,남
2023,32374,Nonexempt,장치운전원,비대상,남
2023,32665,Nonexempt,장치운전원,비대상,남
2023,32666,Nonexempt,장치운전원,비대상,남
2023,32667,Nonexempt,장치운전원,비대상,남
2023,32668,Nonexempt,장치운전원,비대상,남
2023,32688,Manager,Aromatic생산1 Unit PL,P,남
2023,32717,Nonexempt,장치운전원,비대상,남
2023,32718,Nonexempt,장치운전원,비대상,남
2023,32719,Nonexempt,장치운전원,비대상,남
2023,32720,Nonexempt,장치운전원,비대상,남
2023,32721,Nonexempt,장치운전원,비대상,남
2023,32757,Nonexempt,장치운전원,비대상,남
2023,32813,Nonexempt,장치운전원,비대상,남
2023,32814,Nonexempt,장치운전원,비대상,남
2023,32815,Nonexempt,장치운전원,비대상,남
2023,32816,Nonexempt,장치운전원,비대상,남
2023,32900,Nonexempt,장치운전원,비대상,남
2023,32907,Nonexempt,장치운전원,비대상,남
2023,32908,Nonexempt,장치운전원,비대상,남
2023,32913,Nonexempt,장치운전원,비대상,남
2023,33201,Nonexempt,장치운전원,비대상,남
2023,31132,Nonexempt,장치운전원,비대상,남
2023,31157,Nonexempt,장치운전원,비대상,남
2023,31229,Nonexempt,Aromatic총반장,비대상,남
2023,31312,Nonexempt,장치운전원,비대상,남
2023,31328,Nonexempt,장치운전원,비대상,남
2023,31398,Nonexempt,장치운전원,비대상,남
2023,31402,Nonexempt,장치운전원,비대상,남
2023,31408,Nonexempt,Aromatic교대반장,비대상,남
2023,31429,Nonexempt,Aromatic교대반장,비대상,남
2023,31446,Nonexempt,장치운전원,비대상,남
2023,31455,Nonexempt,장치운전원,비대상,남
2023,31459,Nonexempt,장치운전원,비대상,남
2023,31529,Nonexempt,SHE Coordinator,비대상,남
2023,31533,Nonexempt,장치운전원,비대상,남
2023,31537,Nonexempt,장치운전원,비대상,남
2023,31571,Nonexempt,Aromatic교관,비대상,남
2023,31572,Nonexempt,장치운전원,비대상,남
2023,31598,Nonexempt,장치운전원,비대상,남
2023,31644,Nonexempt,장치운전원,비대상,남
2023,31672,Nonexempt,장치운전원,비대상,남
2023,31678,Nonexempt,Aromatic교대반장,비대상,남
2023,31698,Nonexempt,장치운전원,비대상,남
2023,31721,Nonexempt,장치운전원,비대상,남
2023,31722,Nonexempt,Aromatic교대반장,비대상,남
2023,31723,Nonexempt,장치운전원,비대상,남
2023,31890,Nonexempt,장치운전원,비대상,남
2023,31894,Nonexempt,장치운전원,비대상,남
2023,31896,Nonexempt,장치운전원,비대상,남
2023,31897,Nonexempt,장치운전원,비대상,남
2023,31990,Nonexempt,장치운전원,비대상,남
2023,31992,Nonexempt,장치운전원,비대상,남
2023,32217,Nonexempt,장치운전원,비대상,남
2023,32228,Nonexempt,장치운전원,비대상,남
2023,32232,Nonexempt,장치운전원,비대상,남
2023,32235,Nonexempt,장치운전원,비대상,남
2023,32327,Nonexempt,장치운전원,비대상,남
2023,32378,Nonexempt,장치운전원,비대상,남
2023,32675,Nonexempt,장치운전원,비대상,남
2023,32726,Nonexempt,장치운전원,비대상,남
2023,32784,Manager,Aromatic생산2 PL,P,남
2023,32817,Nonexempt,장치운전원,비대상,남
2023,32818,Nonexempt,장치운전원,비대상,남
2023,32896,Nonexempt,장치운전원,비대상,남
2023,32901,Nonexempt,장치운전원,비대상,남
2023,32915,Nonexempt,장치운전원,비대상,남
2023,32919,Nonexempt,장치운전원,비대상,남
2023,32920,Nonexempt,장치운전원,비대상,남
2023,32921,Nonexempt,장치운전원,비대상,남
2023,33202,Nonexempt,장치운전원,비대상,남
2023,32026,Nonexempt,장치운전원,비대상,남
2023,32032,Manager,Aromatic총반장,비대상,남
2023,32039,Nonexempt,장치운전원,비대상,남
2023,32040,Nonexempt,장치운전원,비대상,남
2023,32041,Nonexempt,Aromatic교관,비대상,남
2023,32045,Nonexempt,장치운전원,비대상,남
2023,32054,Nonexempt,장치운전원,비대상,남
2023,32055,Nonexempt,장치운전원,비대상,남
2023,32063,Nonexempt,장치운전원,비대상,남
2023,32074,Nonexempt,장치운전원,비대상,남
2023,32082,Nonexempt,장치운전원,비대상,남
2023,32088,Nonexempt,Aromatic교대반장,비대상,남
2023,32093,Nonexempt,Aromatic교대반장,비대상,남
2023,32094,Nonexempt,장치운전원,비대상,남
2023,32095,Nonexempt,Aromatic교대반장,비대상,남
2023,32096,Nonexempt,장치운전원,비대상,남
2023,32098,Nonexempt,Aromatic교대반장,비대상,남
2023,32104,Nonexempt,장치운전원,비대상,남
2023,32105,Nonexempt,장치운전원,비대상,남
2023,32243,Nonexempt,SHE Coordinator,비대상,남
2023,32251,Manager,Aromatic생산3 Unit PL,P,남
2023,32377,Nonexempt,장치운전원,비대상,남
2023,32669,Nonexempt,장치운전원,비대상,남
2023,32670,Nonexempt,장치운전원,비대상,남
2023,32722,Nonexempt,장치운전원,비대상,남
2023,32723,Nonexempt,장치운전원,비대상,남
2023,32819,Nonexempt,장치운전원,비대상,남
2023,32820,Nonexempt,장치운전원,비대상,남
2023,32821,Nonexempt,장치운전원,비대상,남
2023,32822,Nonexempt,장치운전원,비대상,남
2023,32898,Nonexempt,장치운전원,비대상,남
2023,32906,Nonexempt,장치운전원,비대상,남
2023,32910,Nonexempt,장치운전원,비대상,남
2023,32916,Nonexempt,장치운전원,비대상,남
2023,32917,Nonexempt,장치운전원,비대상,남
2023,32922,Nonexempt,장치운전원,비대상,남
2023,33214,Nonexempt,장치운전원,비대상,남
2023,31086,Nonexempt,장치운전원,비대상,남
2023,31127,Nonexempt,장치운전원,비대상,남
2023,31217,Nonexempt,장치운전원,비대상,남
2023,31218,Nonexempt,Aromatic교관 인수인계,비대상,남
2023,31233,Nonexempt,Aromatic총반장 인수인계,비대상,남
2023,31345,Nonexempt,장치운전원,비대상,남
2023,31347,Nonexempt,장치운전원,비대상,남
2023,31406,Nonexempt,장치운전원,비대상,남
2023,31453,Nonexempt,Aromatic총반장,비대상,남
2023,31458,Nonexempt,장치운전원,비대상,남
2023,31540,Nonexempt,장치운전원,비대상,남
2023,31563,Nonexempt,Aromatic교대반장,비대상,남
2023,31566,Nonexempt,장치운전원,비대상,남
2023,31619,Nonexempt,장치운전원,비대상,남
2023,31626,Nonexempt,Aromatic교대반장,비대상,남
2023,31645,Nonexempt,장치운전원,비대상,남
2023,31651,Nonexempt,장치운전원,비대상,남
2023,31656,Nonexempt,Aromatic교대반장,비대상,남
2023,31659,Nonexempt,Aromatic교관,비대상,남
2023,31674,Nonexempt,장치운전원,비대상,남
2023,31877,Nonexempt,장치운전원,비대상,남
2023,31895,Nonexempt,SHE Coordinator,비대상,남
2023,32025,Nonexempt,장치운전원,비대상,남
2023,32033,Nonexempt,장치운전원,비대상,남
2023,32057,Nonexempt,장치운전원,비대상,남
2023,32089,Nonexempt,장치운전원,비대상,남
2023,32097,Nonexempt,Aromatic교대반장,비대상,남
2023,32213,Nonexempt,장치운전원,비대상,남
2023,32222,Nonexempt,장치운전원,비대상,남
2023,32223,Nonexempt,장치운전원,비대상,남
2023,32233,Nonexempt,장치운전원,비대상,남
2023,32265,Nonexempt,장치운전원,비대상,남
2023,32309,Nonexempt,장치운전원,비대상,남
2023,32318,Nonexempt,장치운전원,비대상,남
2023,32471,Manager,Aromatic생산4 Unit PL,P,남
2023,32724,Nonexempt,장치운전원,비대상,남
2023,32725,Nonexempt,장치운전원,비대상,남
2023,32823,Nonexempt,장치운전원,비대상,남
2023,32824,Nonexempt,장치운전원,비대상,남
2023,32903,Nonexempt,장치운전원,비대상,남
2023,33111,Nonexempt,장치운전원,비대상,남
2023,30072,Executive,화학설비실장,비대상,남
2023,32895,Nonexempt,사무운영원,비대상,여
2023,31332,Nonexempt,정비감독,비대상,남
2023,32882,Manager,화학기계 Unit PL,P,남
2023,32925,Nonexempt,정비감독,비대상,남
2023,32926,Nonexempt,정비감독,비대상,남
2023,32945,Nonexempt,정비감독,비대상,남
2023,32946,Manager,기계반장,비대상,남
2023,33021,Nonexempt,정비감독,비대상,남
2023,33022,Nonexempt,기계반장,비대상,남
2023,33024,Nonexempt,정비감독,비대상,남
2023,33027,Nonexempt,정비감독,비대상,남
2023,33028,Nonexempt,정비감독,비대상,남
2023,33029,Nonexempt,정비감독,비대상,남
2023,33030,Nonexempt,정비감독,비대상,남
2023,33031,Nonexempt,기계반장,비대상,남
2023,33032,Nonexempt,기계반장,비대상,남
2023,33033,Nonexempt,정비감독,비대상,남
2023,33034,Nonexempt,정비감독,비대상,남
2023,33035,Nonexempt,정비감독,비대상,남
2023,33036,Nonexempt,기계반장,비대상,남
2023,33037,Nonexempt,정비감독,비대상,남
2023,33038,Nonexempt,정비감독,비대상,남
2023,33039,Nonexempt,정비감독,비대상,남
2023,33040,Nonexempt,정비감독,비대상,남
2023,33041,Nonexempt,정비감독,비대상,남
2023,33042,Manager,정비감독,비대상,남
2023,33043,Nonexempt,정비감독,비대상,남
2023,33044,Nonexempt,정비감독,비대상,남
2023,33045,Nonexempt,정비감독,비대상,남
2023,33046,Nonexempt,기계진단반장,비대상,남
2023,33047,Nonexempt,정비감독,비대상,남
2023,33048,Nonexempt,정비감독,비대상,남
2023,33197,Nonexempt,정비감독,비대상,남
2023,33203,Nonexempt,정비감독,비대상,남
2023,32879,Manager,화학장치 Unit PL,P,남
2023,32927,Nonexempt,정비감독,비대상,남
2023,32947,Nonexempt,정비감독,비대상,남
2023,32948,Nonexempt,정비감독,비대상,남
2023,32949,Nonexempt,정비감독,비대상,남
2023,32950,Nonexempt,정비감독,비대상,남
2023,32951,Manager,장치반장,비대상,남
2023,32952,Nonexempt,장치반장,비대상,남
2023,32953,Nonexempt,정비감독,비대상,남
2023,32954,Nonexempt,정비감독,비대상,남
2023,33015,Nonexempt,정비감독,비대상,남
2023,33051,Nonexempt,정비감독,비대상,남
2023,33052,Nonexempt,정비감독,비대상,남
2023,33053,Nonexempt,정비감독,비대상,남
2023,33054,Nonexempt,장치반장,비대상,남
2023,33055,Nonexempt,정비감독,비대상,남
2023,33056,Nonexempt,정비감독,비대상,남
2023,33057,Nonexempt,정비감독,비대상,남
2023,33058,Nonexempt,정비감독,비대상,남
2023,33059,Nonexempt,장치반장,비대상,남
2023,33060,Nonexempt,정비감독,비대상,남
2023,33061,Nonexempt,정비감독,비대상,남
2023,33062,Nonexempt,정비감독,비대상,남
2023,33063,Manager,장치반장,비대상,남
2023,33204,Nonexempt,정비감독,비대상,남
2023,32955,Nonexempt,정비감독,비대상,남
2023,33012,Nonexempt,정비감독,비대상,남
2023,33013,Nonexempt,정비감독,비대상,남
2023,33014,Manager,검사반장,비대상,남
2023,33016,Nonexempt,정비감독,비대상,남
2023,33017,Nonexempt,정비감독,비대상,남
2023,33018,Manager,검사반장,비대상,남
2023,33019,Nonexempt,정비감독,비대상,남
2023,33020,Nonexempt,정비감독,비대상,남
2023,33198,Nonexempt,정비감독,비대상,남
2023,33228,Manager,화학검사 Unit PL,P,남
2023,31562,Nonexempt,정비감독,비대상,남
2023,32881,Manager,화학계기 Unit PL,P,남
2023,32928,Nonexempt,정비감독,비대상,남
2023,32956,Nonexempt,정비감독,비대상,남
2023,32957,Nonexempt,정비감독,비대상,남
2023,32958,Nonexempt,정비감독,비대상,남
2023,32959,Nonexempt,정비감독,비대상,남
2023,32960,Nonexempt,정비감독,비대상,남
2023,32961,Nonexempt,정비감독,비대상,남
2023,32962,Nonexempt,정비감독,비대상,남
2023,32963,Nonexempt,정비감독,비대상,남
2023,32964,Nonexempt,정비감독,비대상,남
2023,32966,Nonexempt,정비감독,비대상,남
2023,32967,Nonexempt,정비계획원,비대상,남
2023,32968,Nonexempt,정비감독,비대상,남
2023,32969,Manager,계기반장,비대상,남
2023,32970,Nonexempt,계기반장,비대상,남
2023,32971,Nonexempt,정비감독,비대상,남
2023,32972,Nonexempt,정비감독,비대상,남
2023,32973,Nonexempt,정비감독,비대상,남
2023,32974,Manager,계기반장,비대상,남
2023,32975,Nonexempt,계기반장,비대상,남
2023,32976,Nonexempt,정비감독,비대상,남
2023,32977,Nonexempt,정비감독,비대상,남
2023,32978,Nonexempt,정비감독,비대상,남
2023,32979,Nonexempt,계기반장,비대상,남
2023,32980,Nonexempt,추후부여,비대상,남
2023,32981,Nonexempt,정비감독,비대상,남
2023,32982,Nonexempt,정비감독,비대상,남
2023,32983,Nonexempt,정비감독,비대상,남
2023,32984,Nonexempt,정비감독,비대상,남
2023,32985,Nonexempt,정비감독,비대상,남
2023,32986,Nonexempt,정비감독,비대상,남
2023,32987,Nonexempt,정비감독,비대상,남
2023,32988,Nonexempt,정비감독,비대상,남
2023,32989,Nonexempt,정비감독,비대상,남
2023,32990,Nonexempt,정비감독,비대상,남
2023,32991,Nonexempt,정비감독,비대상,남
2023,32992,Nonexempt,정비감독,비대상,남
2023,32993,Nonexempt,정비감독,비대상,남
2023,32994,Nonexempt,정비감독,비대상,남
2023,32995,Nonexempt,정비감독,비대상,남
2023,33211,Nonexempt,정비감독,비대상,남
2023,32772,Nonexempt,정비감독,비대상,남
2023,32867,Nonexempt,정비감독,비대상,남
2023,32883,Manager,화학전기 Unit PL,P,남
2023,32929,Nonexempt,정비감독,비대상,남
2023,32996,Nonexempt,정비감독,비대상,남
2023,32997,Nonexempt,정비감독,비대상,남
2023,32998,Nonexempt,정비계획원,비대상,남
2023,32999,Nonexempt,전기반장,비대상,남
2023,33000,Nonexempt,전기반장,비대상,남
2023,33001,Nonexempt,정비감독,비대상,남
2023,33002,Nonexempt,정비감독,비대상,남
2023,33003,Nonexempt,정비감독,비대상,남
2023,33004,Nonexempt,정비감독,비대상,남
2023,33005,Nonexempt,정비감독,비대상,남
2023,33006,Nonexempt,정비감독,비대상,남
2023,33007,Nonexempt,정비감독,비대상,남
2023,33008,Nonexempt,정비감독,비대상,남
2023,33009,Nonexempt,정비감독,비대상,남
2023,33010,Nonexempt,전기반장,비대상,남
2023,33011,Nonexempt,정비계획원,비대상,남
2023,33210,Nonexempt,정비감독,비대상,남
2023,31199,Manager,공사감독,비대상,남
2023,31350,Nonexempt,공사감독,비대상,남
2023,32930,Manager,공사감독,비대상,남
2023,32931,Nonexempt,공사감독,비대상,남
2023,32932,Manager,공사감독,비대상,남
2023,32934,Manager,공사감독,비대상,남
2023,32936,Nonexempt,공사감독,비대상,남
2023,32937,Nonexempt,공사감독,비대상,남
2023,32938,Manager,Project기사,P,남
2023,32939,Nonexempt,공사감독,비대상,남
2023,32942,Nonexempt,공사감독,비대상,남
2023,33098,Manager,Project기사,P,남
2023,33150,Manager,화학Project Unit PL,P,남
2023,33176,Manager,Project기사,P,남
2023,33182,Manager,Project기사,P,남
2023,33223,Exempt,Project기사,P,남
2023,39327,Contractor,공사감독,P,남
2023,32940,Nonexempt,공사감독,비대상,남
2023,33069,Manager,Nexlene/IPA Project Squad PL,P,남
2023,33097,Manager,Project기사,P,남
2023,39237,Contractor,Project기사,P,남
2023,39268,Contractor,Project기사,P,남
2023,39269,Contractor,Project기사,P,남
2023,39283,Contractor,공사감독,P,남
2023,39284,Contractor,공사감독,P,남
2023,39285,Contractor,공사감독,P,남
2023,39286,Contractor,공사감독,P,남
2023,31089,Manager,안전관리원,비대상,남
2023,31909,Nonexempt,환경관리원,비대상,남
2023,31914,Nonexempt,안전관리원,비대상,남
2023,32052,Manager,환경관리원,비대상,남
2023,32081,Manager,안전관리원,비대상,남
2023,32103,Nonexempt,간호사,비대상,여
2023,32308,Nonexempt,환경관리원,비대상,남
2023,32320,Nonexempt,환경관리원,비대상,남
2023,32787,Nonexempt,환경관리원,비대상,남
2023,32874,Nonexempt,안전관리원,비대상,남
2023,32875,Nonexempt,안전관리원,비대상,남
2023,33125,Nonexempt,환경관리원,비대상,남
2023,39192,Contractor,산업간호사,비대상,여
2023,39288,Contractor,교육·훈련생,비대상,남
2023,39289,Contractor,교육·훈련생,비대상,남
2023,39290,Contractor,교육·훈련생,비대상,남
2023,39291,Contractor,교육·훈련생,비대상,남
2023,39292,Contractor,교육·훈련생,비대상,남
2023,39293,Contractor,교육·훈련생,비대상,남
2023,39294,Contractor,교육·훈련생,비대상,남
2023,39295,Contractor,교육·훈련생,비대상,남
2023,39296,Contractor,교육·훈련생,비대상,남
2023,39297,Contractor,교육·훈련생,비대상,남
2023,39298,Contractor,교육·훈련생,비대상,남
2023,39299,Contractor,교육·훈련생,비대상,남
2023,39300,Contractor,교육·훈련생,비대상,남
2023,39301,Contractor,교육·훈련생,비대상,남
2023,39302,Contractor,교육·훈련생,비대상,남
2023,39303,Contractor,교육·훈련생,비대상,남
2023,39304,Contractor,교육·훈련생,비대상,남
2023,39305,Contractor,교육·훈련생,비대상,남
2023,39306,Contractor,교육·훈련생,비대상,남
2023,39307,Contractor,교육·훈련생,비대상,남
2023,39308,Contractor,교육·훈련생,비대상,남
2023,39309,Contractor,교육·훈련생,비대상,남
2023,39310,Contractor,교육·훈련생,비대상,남
2023,39311,Contractor,교육·훈련생,비대상,남
2023,39312,Contractor,교육·훈련생,비대상,남
2023,39313,Contractor,교육·훈련생,비대상,남
2023,39314,Contractor,교육·훈련생,비대상,남
2023,39315,Contractor,교육·훈련생,비대상,남
2023,39316,Contractor,교육·훈련생,비대상,남
2023,39317,Contractor,교육·훈련생,비대상,남
2023,39318,Contractor,교육·훈련생,비대상,남
2023,39319,Contractor,교육·훈련생,비대상,남
2023,39320,Contractor,교육·훈련생,비대상,남
2023,39321,Contractor,교육·훈련생,비대상,남
2023,39322,Contractor,교육·훈련생,비대상,남
2023,30082,Executive,전략본부장,비대상,남
2023,32685,Manager,Legal Unit PL,S,남
2023,32873,Manager,법무원/변호사,S,남
2023,33089,Exempt,법무원/외국변호사,S,남
2023,33092,Manager,법무원/한국변호사,S,남
2023,33138,Manager,법무원/한국변호사,S,여
2023,33139,Manager,법무원/한국변호사,S,남
2023,33165,Manager,법무원/외국변호사,S,여
2023,33217,Exempt,법무원/변호사,S,남
2023,33233,Exempt,법무원/외국변호사,S,남
2023,30083,Executive,경영기획실장,비대상,남
2023,39287,Contractor,기획운영원,비대상,여
2023,31109,Manager,기획관리원,S,남
2023,31955,Manager,전략기획 Chapter PL,S,남
2023,31960,Manager,기획관리원,S,남
2023,32403,Manager,기획관리원,S,남
2023,32512,Manager,기획관리원,S,여
2023,32774,Exempt,기획관리원,S,남
2023,32778,Manager,기획관리원,S,여
2023,32886,Exempt,기획관리원,S,남
2023,33075,Exempt,기획관리원,S,남
2023,33170,Exempt,기획관리원,S,여
2023,32205,Manager,투자기획원,S,남
2023,32751,Manager,BM혁신 Squad PL,S,남
2023,33149,Exempt,투자기획원,S,여
2023,33178,Exempt,투자기획원,S,남
2023,33180,Exempt,투자기획원,S,남
2023,32528,Exempt,투자기획원,S,남
2023,32622,Manager,투자기획원,S,남
2023,32677,Manager,Value혁신지원 Chapter PL,S,남
2023,32850,Exempt,투자기획원,S,남
2023,32851,Manager,투자기획원,S,여
2023,32854,Exempt,투자기획원,S,여
2023,33181,Manager,투자기획원,S,남
2023,31835,Nonexempt,기획운영원,비대상,여
2023,32624,Manager,DBL성과관리 Chapter PL,S,남
2023,32637,Nonexempt,신용관리운영원,비대상,여
2023,32853,Nonexempt,신용관리운영원,비대상,여
2023,32887,Exempt,기획관리원,S,여
2023,33074,Exempt,기획관리원,S,남
2023,33093,Exempt,성과관리원,S,여
2023,33095,Exempt,기획관리원,S,남
2023,33185,Exempt,성과관리원,S,남
2023,32857,Exempt,기획관리원,S,여
2023,32880,Manager,ESG경영 Squad PL,S,남
2023,33141,Manager,기획관리원,S,여
2023,33094,Exempt,Communication기획원,S,남
2023,33151,Manager,Communication Unit PL,S,여
2023,33186,Exempt,Communication기획원,S,여
2023,31358,Manager,동반성장기획원,S,남
2023,31957,Manager,동반성장기획원,S,남
2023,33234,Manager,O&D실장 직무대행,S,남
2023,31820,Nonexempt,최적운영원,비대상,여
2023,31850,Nonexempt,추후부여,비대상,여
2023,31866,Manager,Optimization Chapter PL,S,남
2023,32530,Exempt,최적운영담당,S,여
2023,32554,Exempt,최적운영담당,S,남
2023,32888,Exempt,최적운영담당,S,여
2023,33103,Exempt,최적운영담당,S,남
2023,33143,Nonexempt,수급운영원,비대상,여
2023,33183,Exempt,최적운영담당,S,남
2023,31868,Manager,수급운영담당,S,남
2023,31939,Manager,원료기획,S,여
2023,32536,Manager,Feedstock Squad PL,S,남
2023,32615,Exempt,수급운영담당,S,남
2023,31846,Manager,시장분석담당,S,남
2023,31789,Manager,Net-zero추진 Squad PL,S,남
2023,32480,Exempt,기획관리원,S,남
2023,33163,Manager,기획관리원,S,남
2023,32006,Manager,DT기획,S,남
2023,32511,Manager,DT Chapter PL,S,남
2023,32714,Exempt,추후부여,비대상,여
2023,32759,Manager,DT 기획,S,남
2023,33066,Exempt,DT기획원,S,남
2023,33068,Exempt,DT기획,S,남
2023,33161,Manager,DT 기획,S,남
2023,33162,Exempt,DT기획원,S,남
2023,32401,Manager,Marketing Platform Squad PL,S,남
2023,33104,Manager,개발 추진,S,여
2023,31745,Manager,화학물질/SHE 정책 대응 담당,S,남
2023,32449,Manager,Product Stewardship 담당,S,남
2023,32537,Manager,제품 사규 및 Audit 담당,S,남
2023,33076,Manager,PRC CoE PL,S,남
2023,33102,Manager,Product Stewardship담당,S,남
2023,30042,Executive,중국사업본부장,비대상,남
2023,30069,Executive,중국경영기획실장,비대상,남
2023,31845,Manager,중국기획 Chapter PL,S,남
2023,31938,Manager,중국기획관리원,S,남
2023,32839,Manager,재무 Unit PL,S,남
2023,32844,Exempt,기획원,S,남
2023,30064,Executive,중국사업개발실장,비대상,여
2023,32689,Manager,R-Polyolefin Squad PL,S,남
2023,31940,Manager,Green Feed BM Squad PL,S,남
2023,32618,Exempt,시장개발원,S,여
2023,31444,Manager,생산부총경리,P,남
2023,31695,Manager,중한Green신소재 총경리,P,남
2023,30078,Executive,중국마케팅실장,비대상,남
2023,31806,Manager,중국Marketing Optimization Chapter PL,M,남
2023,31974,Manager,B/O Solution Squad PL,M,남
2023,32111,Manager,Material China Biz Squad PL,M,남
2023,30057,Executive,계획/최적화 부총경리,비대상,남
2023,31573,Nonexempt,안전환경 부부장,비대상,남
2023,31743,Manager,화공생산부장,P,남
2023,32683,Manager,재무부총경리,S,남
2023,32692,Manager,계획/최적화부장,P,남
2023,32786,Manager,재무관리부부장,S,남
2023,32522,Manager,닝보EPDM총경리,P,남
2023,32754,Exempt,생산기술기사,P,여
2023,33168,Exempt,자금관리원,비대상,여
2023,39274,Contractor,어학교육운영원,비대상,남
2023,39277,Contractor,어학교육운영원,비대상,남
2023,39337,Contractor,어학교육운영원,비대상,남
2023,39343,Contractor,어학교육운영원,비대상,여
2023,39344,Contractor,어학교육운영원,비대상,여
2023,31926,Manager,The행복 PL,S,남
2023,32388,Exempt,행복Designer,S,남
2023,32562,Exempt,행복Designer,S,여
2023,32609,Exempt,행복Designer,S,남
2023,32758,Nonexempt,행복Designer,비대상,여
2023,32764,Nonexempt,비서,비대상,여
2023,33101,Manager,최고정보보호책임자 CISO,비대상,남
2023,30062,Executive,경영자문위원,비대상,남
2023,39537,Executive,경영자문위원,비대상,남
2023,39541,Executive,경영자문위원,비대상,남
2023,30056,Executive,CSO,비대상,남
2023,31934,Manager,안전보건전담기사,P,남
2023,32262,Manager,안전보건전담 Group PL,P,남
2023,32434,Manager,안전보건전담기사,P,남
2023,32755,Exempt,안전보건전담기사,P,남
